-- phpMyAdmin SQL Dump
-- version 4.6.5.2
-- https://www.phpmyadmin.net/
--
-- Хост: 127.0.0.1:3306
-- Время создания: Авг 13 2020 г., 21:36
-- Версия сервера: 5.5.53-log
-- Версия PHP: 7.0.14

SET SQL_MODE = "NO_AUTO_VALUE_ON_ZERO";
SET time_zone = "+00:00";


/*!40101 SET @OLD_CHARACTER_SET_CLIENT=@@CHARACTER_SET_CLIENT */;
/*!40101 SET @OLD_CHARACTER_SET_RESULTS=@@CHARACTER_SET_RESULTS */;
/*!40101 SET @OLD_COLLATION_CONNECTION=@@COLLATION_CONNECTION */;
/*!40101 SET NAMES utf8mb4 */;

--
-- База данных: `my_projects_office`
--

-- --------------------------------------------------------

--
-- Структура таблицы `balance_begin_month`
--

CREATE TABLE `balance_begin_month` (
  `id` int(11) NOT NULL,
  `wallets` text COMMENT 'JSON строка в формате\r\n{"wallet_id":"0.00"}',
  `date_time` date DEFAULT NULL COMMENT 'Дата создания\r\nВыбирается пользователем на странице',
  `created_at` int(10) DEFAULT NULL COMMENT 'Дата создания строки'
) ENGINE=InnoDB DEFAULT CHARSET=utf8 COMMENT='Таблица, содержащая в себе информацию балансов на начало месяца.';

--
-- Дамп данных таблицы `balance_begin_month`
--

INSERT INTO `balance_begin_month` (`id`, `wallets`, `date_time`, `created_at`) VALUES
(1, '{\"1\":\"200.00\",\"2\":\"72.29\",\"3\":\"708.30\",\"4\":\"88.34\"}', '2019-02-11', 1549899953),
(8, '{\"1\":\"100.00\",\"2\":\"545.29\",\"3\":\"658.30\",\"4\":\"88.34\",\"5\":\"106.30\"}', '2019-03-01', 1551426823),
(9, '{\"1\":\"66.00\",\"2\":\"7989.49\",\"3\":\"308.30\",\"4\":\"88.34\",\"5\":\"226.70\"}', '2019-04-02', 1554194908),
(10, '{\"1\":\"66.00\",\"2\":\"18989.49\",\"3\":\"-91.70\",\"4\":\"88.34\",\"5\":\"226.70\"}', '2019-05-10', 1557461200),
(11, '{\"1\":\"1716.00\",\"2\":\"35989.49\",\"3\":\"-491.70\",\"4\":\"88.34\",\"5\":\"2426.70\"}', '2019-06-19', 1560936759),
(12, '{\"1\":\"3566.00\",\"2\":\"50989.49\",\"3\":\"-1491.70\",\"4\":\"88.34\",\"5\":\"12426.70\"}', '2019-07-02', 1562052651),
(13, '{\"1\":\"5366.00\",\"2\":\"60989.49\",\"3\":\"-1491.70\",\"4\":\"88.34\",\"5\":\"12426.70\"}', '2019-08-05', 1564981004),
(14, '{\"1\":\"5366.00\",\"2\":\"70989.49\",\"3\":\"-1491.70\",\"4\":\"88.34\",\"5\":\"12426.70\"}', '2019-09-23', 1569224515),
(16, '{\"1\":\"201.00\",\"2\":\"56.78\",\"3\":\"35.52\",\"4\":\"30.15\",\"5\":\"0.00\",\"6\":\"4.78\"}', '2019-10-23', 1571803695),
(17, '{\"1\":\"831.00\",\"2\":\"1203.75\",\"3\":\"35.52\",\"4\":\"30.15\",\"5\":\"51.39\",\"6\":\"5664.98\"}', '2019-11-02', 1572699898),
(19, '{\"1\":\"472.00\",\"2\":\"97.23\",\"3\":\"4.52\",\"4\":\"8.99\",\"5\":\"50.48\",\"6\":\"15.13\"}', '2019-12-02', 1575276488),
(20, '{\"1\":\"1448.40\",\"2\":\"477.90\",\"3\":\"4.52\",\"4\":\"8.99\",\"5\":\"50.48\",\"6\":\"115.13\"}', '2020-01-06', 1578296449);

-- --------------------------------------------------------

--
-- Структура таблицы `finance_movement`
--

CREATE TABLE `finance_movement` (
  `id` int(11) UNSIGNED NOT NULL,
  `monthly` int(1) NOT NULL DEFAULT '0' COMMENT 'Ежемесячная плата (1-доход/2-расход)',
  `ammount` float(11,2) NOT NULL COMMENT 'сумма (доход/расход)',
  `comment` text NOT NULL COMMENT 'Комментарий события',
  `wallet_id` int(11) DEFAULT NULL COMMENT 'ID кошелька, который учавствовал в событии.\r\nЭто может быть как приход, так и расход.\r\nУказывается ID кошелька.\r\nЕсли был расход, то - с которого был расход.\r\nили Если был приход, то - на который был приход.\r\nЕсли это перемещение, то - 0 (ID кошелька не указывается)',
  `tags` varchar(100) DEFAULT NULL COMMENT 'Метка, по тому или иному источнику дохода (нужна для удобного поиска)\r\nПо умолчанию other\r\n',
  `date_in` date NOT NULL COMMENT 'Дата прихода',
  `date_out` date NOT NULL COMMENT 'Дата расхода',
  `type_operation` int(1) NOT NULL DEFAULT '1' COMMENT 'Тип операции (приход(1)/расход(2)/перемещение "по своим счетам"(3)) по умолчанию - приход (1)',
  `income` int(1) DEFAULT '0' COMMENT 'По умолчанию 0\r\n1 - это доход\r\nКоторый реально заработан\r\nА не просто обычный приход на баланс\r\nЧтобы считать реальные доходы',
  `created_at` int(10) DEFAULT NULL COMMENT 'Время создания события',
  `date_time` int(10) DEFAULT NULL COMMENT 'День события (время выставлено на 12:00) в секундах.\r\nНужно на случай, если событие создается задним числом.'
) ENGINE=InnoDB DEFAULT CHARSET=utf8 COMMENT='Движение финансов';

--
-- Дамп данных таблицы `finance_movement`
--

INSERT INTO `finance_movement` (`id`, `monthly`, `ammount`, `comment`, `wallet_id`, `tags`, `date_in`, `date_out`, `type_operation`, `income`, `created_at`, `date_time`) VALUES
(73, 1, 2000.00, 'Оплата за обслуживание сайта серебросалаира', 2, 'serebros', '2019-01-08', '0000-00-00', 1, 1, 1546923600, 1546923600),
(74, 2, 200.00, 'Пирамидка L&S Club', 3, 'ls_club', '0000-00-00', '2019-01-09', 2, 0, 1547010000, 1547010000),
(75, 0, 2000.00, 'Андрей москва. 2000 на yandex деньги', 2, 'invest', '2019-01-23', '0000-00-00', 1, 1, 1548219600, 1548219600),
(76, 0, 118.00, 'Переводил 1800р с Yandex денег на Qiwi кошелек. Комиссия за перевод 118р.', 4, 'yandex_money', '0000-00-00', '2019-01-23', 2, 0, 1548219600, 1548219600),
(77, 2, 200.00, 'L&S Club в среду оплатил 200', 3, 'ls_club', '0000-00-00', '2019-01-23', 2, 0, 1548219600, 1548219600),
(78, 0, 5000.00, 'Оплата за CRM Магазин Ромео', 2, 'romeo', '2019-01-09', '0000-00-00', 1, 1, 1547010000, 1547010000),
(79, 0, 5000.00, 'Оплата за CRM Магазин Ромео', 2, 'romeo', '2019-01-17', '0000-00-00', 1, 1, 1547701200, 1547701200),
(85, 0, 3800.00, 'Алименты', 2, 'my_family', '0000-00-00', '2019-01-10', 2, 0, 1547096400, 1547096400),
(86, 0, 3000.00, 'Обучение target рекламе в вк', 2, 'target_school', '0000-00-00', '2019-01-10', 2, 0, 1547096400, 1547096400),
(87, 0, 3000.00, 'Алименты', 2, 'my_family', '0000-00-00', '2019-01-19', 2, 0, 1547874000, 1547874000),
(88, 0, 1700.00, 'Чеченские. Сведения по бумажке - 1775,07', 1, 'preferential_payments', '2019-01-19', '0000-00-00', 1, 0, 1547874000, 1547874000),
(89, 0, 100.00, 'Пожертвования', 1, 'donations', '0000-00-00', '2019-01-19', 2, 0, 1547874000, 1547874000),
(90, 2, 250.00, 'Баланс телефона Лидия', 2, 'phone_balance', '0000-00-00', '2019-01-19', 2, 0, 1547874000, 1547874000),
(91, 2, 250.00, 'Баланс моего телефона', 2, 'phone_balance', '0000-00-00', '2019-01-19', 2, 0, 1547874000, 1547874000),
(92, 2, 820.00, 'Ростелеком', 2, 'rostelecom', '0000-00-00', '2019-01-20', 2, 0, 1547960400, 1547960400),
(93, 2, 2000.00, 'Оплата кредита за телефон', 2, 'loan_payment_over_the_phone', '0000-00-00', '2019-01-20', 2, 0, 1547960400, 1547960400),
(94, 0, 200.00, 'Десятина с чеченских', 1, 'desyatina', '0000-00-00', '2019-01-19', 2, 0, 1547874000, 1547874000),
(95, 0, 30.29, 'Для выравнивания баланса', NULL, 'equation', '2019-01-01', '0000-00-00', 1, 0, 1546318800, 1546318800),
(96, 0, 5000.00, 'Оплата задания по CRM Ромео', 2, 'romeo', '2019-01-29', '0000-00-00', 1, 1, 1548738000, 1548738000),
(97, 0, 4500.00, 'Оплата алиментов Лидия', 2, 'my_family', '0000-00-00', '2019-01-29', 2, 0, 1548738000, 1548738000),
(98, 0, 5000.00, 'Оплата задания Ромео', 2, 'romeo', '2019-01-31', '0000-00-00', 1, 1, 1548910800, 1548910800),
(99, 0, 1000.00, 'Лиде отправил 1000р для оформления сына в школу', 2, 'my_family', '0000-00-00', '2019-02-01', 2, 0, 1549022079, 1549022079),
(100, 0, 1010.00, 'Оплата судебной задолженности в 1000 рублей. Оплата за услуги судебного пристава.', 2, 'other', '0000-00-00', '2019-02-01', 2, 0, 1549035882, 1549035882),
(104, 0, 1000.00, 'Десятина', 1, 'desyatina', '0000-00-00', '2019-02-02', 2, 0, 1549255561, 1549255561),
(105, 0, 202.50, 'Аптека, покупка &quot;Флюкостат&quot; от молочницы', 2, 'pharmacy', '0000-00-00', '2019-02-02', 2, 0, 1549255561, 1549255561),
(106, 0, 59.20, 'Мария ра Белово (брали с Лидой газводу)', 2, 'other', '0000-00-00', '2019-02-02', 2, 0, 1549255561, 1549255561),
(107, 0, 135.00, 'Сибирские блины Белово (Лида покупала блин)', 2, 'other', '0000-00-00', '2019-02-02', 2, 0, 1549255561, 1549255561),
(108, 0, 250.00, 'Заправка джипа. Отвозил семью с КрБр до квартиры', 2, 'other', '0000-00-00', '2019-02-03', 2, 0, 1549255561, 1549255561),
(109, 0, 700.00, 'Оплатил Ольге номер телефона МТС\nПереводил с Qiwi', 3, 'other', '0000-00-00', '2019-01-30', 2, 0, 1549255784, 1549255784),
(110, 0, 200.00, 'Оплата L&S Club', 3, 'ls_club', '0000-00-00', '2019-02-06', 2, 0, 1549463634, 1549550034),
(111, 0, 130.00, 'Сибирские блины Белово у вокзала', 2, 'other', '0000-00-00', '2019-01-26', 2, 0, 1549464935, 1549551335),
(112, 0, 230.00, 'Парикмахерская Карагайлинский', 1, 'other', '0000-00-00', '2019-02-08', 2, 0, 1549632347, 1549632347),
(132, 0, 300.00, 'Заправка Джип. Ездил на КрБр за мясом.', 2, 'other', '0000-00-00', '2019-02-09', 2, 0, 1549709158, 1549709158),
(133, 0, 20.00, 'Добавил на хлеб 20р', 1, 'other', '0000-00-00', '2019-02-09', 2, 0, 1549709158, 1549709158),
(139, 0, 88.34, 'выравнивание баланса с реальным счетом', NULL, 'equation', '2019-02-01', '0000-00-00', 1, 0, 1549710575, 1549019375),
(141, 0, 50.00, 'Дал Лиде на автобус на проезд', 1, 'other', '0000-00-00', '2019-02-09', 2, 0, 1549720765, 1549720765),
(142, 0, 1000.00, 'Жертва в Новом пути', 2, 'donations', '0000-00-00', '2019-02-10', 2, 0, 1549809179, 1549809179),
(143, 0, 200.00, 'Жертва в Новом пути', 1, 'donations', '0000-00-00', '2019-02-10', 2, 0, 1549809179, 1549809179),
(144, 0, 25.00, 'Семечки Лиде взял, на поселке. В магазине возле её дома.', 2, 'other', '0000-00-00', '2019-02-10', 2, 0, 1549809179, 1549809179),
(145, 0, 200.00, 'Татьяна Сайфулина дала мне 200р', 1, 'other', '2019-02-10', '0000-00-00', 1, 0, 1549809179, 1549809179),
(146, 0, 21.00, 'Жека шутов оставил со своих денег', 2, 'other', '2019-02-13', '0000-00-00', 1, 0, 1550042399, 1550042399),
(147, 0, 3000.00, 'Андрей перевел мне сначала на WebMoney, потом я с WebMoney перевел себе на Сбербанк', 2, 'invest', '2019-02-14', '0000-00-00', 1, 1, 1550160021, 1550160021),
(148, 0, 700.00, 'Оля отдала долг', 2, 'other', '2019-02-14', '0000-00-00', 1, 0, 1550160021, 1550160021),
(149, 0, 200.00, 'Дал Лиде', 1, 'other', '0000-00-00', '2019-02-14', 2, 0, 1550160021, 1550160021),
(150, 0, 1850.00, 'Чеченские. Сведения по бумажке - 1851,40', 1, 'preferential_payments', '2019-02-15', '0000-00-00', 1, 0, 1550213190, 1550213190),
(151, 0, 200.00, 'Десятина от чеченских', 1, 'desyatina', '0000-00-00', '2019-02-15', 2, 0, 1550218605, 1550218605),
(152, 0, 64.50, 'Перевел со счета WMZ на счет WMR', 5, 'other', '2019-02-15', '0000-00-00', 1, 0, 1550218783, 1550218783),
(153, 0, 700.00, 'Перевод со сбера на Qiwi - 700р. Комиссия 7р.', 2, 'move', '0000-00-00', '2019-02-17', 2, 0, 1550415627, 1550415627),
(154, 0, 700.00, 'Перевод со сбера на Qiwi - 700р. Комиссия 7р.', 3, 'move', '2019-02-17', '0000-00-00', 1, 0, 1550415627, 1550415627),
(155, 0, 700.00, 'Перевод со сбера на Qiwi - 700р. Комиссия 7р.', 0, 'move', '2019-02-17', '0000-00-00', 3, 0, 1550415627, 1550415627),
(156, 2, 860.00, 'Оплата интернета ростелеком 860рублей', 2, 'rostelecom', '0000-00-00', '2019-02-17', 2, 0, 1550416566, 1550416566),
(157, 0, 300.00, 'Десятина от 3000 тысяч, которые Андрей перевел мне на WebMoney.', 1, 'desyatina', '0000-00-00', '2019-02-14', 2, 0, 1550416759, 1550157559),
(159, 2, 2000.00, 'Оплата кредита за телефон', 2, 'loan_payment_over_the_phone', '0000-00-00', '2019-02-18', 2, 0, 1550468723, 1550468723),
(160, 0, 481.00, 'Жека переводил свои 500р, чтобы в магазине расплатиться моей картой. По тратил он 481р. Получился остаток 19р.', 2, 'other', '0000-00-00', '2019-02-18', 2, 0, 1550495099, 1550495099),
(161, 0, 500.00, 'Жека переводил свои 500р, чтобы в магазине расплатиться моей картой. По тратил он 481р. Получился остаток 19р.', 2, 'other', '2019-02-18', '0000-00-00', 1, 0, 1550495099, 1550495099),
(162, 0, 1000.00, 'Десятина с 10000 тысяч оплаты за проект \"Ромео\"', 1, 'desyatina', '0000-00-00', '2019-02-18', 2, 0, 1550500556, 1550500556),
(163, 0, 10000.00, 'Оплата за работу над проектом \"Ромео\"', 2, 'romeo', '2019-02-18', '0000-00-00', 1, 1, 1550500556, 1550500556),
(164, 0, 3000.00, 'Оплата за обучение Рекламе в ВК', 2, 'target_school', '0000-00-00', '2019-02-18', 2, 0, 1550500891, 1550500891),
(165, 0, 7000.00, 'Оплата алиментов Лидия', 2, 'my_family', '0000-00-00', '2019-02-18', 2, 0, 1550501078, 1550501078),
(166, 2, 270.00, 'Оплата номера телефона Лидия', 3, 'phone_balance', '0000-00-00', '2019-02-18', 2, 0, 1550501402, 1550501402),
(167, 2, 280.00, 'Оплата своего номера телефона', 3, 'phone_balance', '0000-00-00', '2019-02-18', 2, 0, 1550501402, 1550501402),
(169, 0, 150.00, 'Купил лотерейный билет 150р Русское Лотто', 1, 'other', '0000-00-00', '2019-02-19', 2, 0, 1550566771, 1550566771),
(170, 0, 200.00, 'L&S Club', 3, 'ls_club', '0000-00-00', '2019-02-20', 2, 0, 1550734364, 1550647964),
(171, 0, 100.00, 'Отдал Оле за глазные капли', 1, 'other', '0000-00-00', '2019-02-20', 2, 0, 1550734364, 1550647964),
(172, 0, 500.00, 'ТД СтройМастер, добавил картинки на сайт. Добавил картинки в группу. За всё 150рэ, но пастор перевел 500.', 2, 'other', '2019-02-25', '0000-00-00', 1, 1, 1551088299, 1551088299),
(173, 0, 200.00, 'Жертва Перевел Антону Кочура на сбер', 2, 'donations', '0000-00-00', '2019-02-27', 2, 0, 1551281009, 1551281009),
(174, 0, 4500.00, 'Перевод Лиде алименты', 2, 'my_family', '0000-00-00', '2019-02-26', 2, 0, 1551281009, 1551194609),
(175, 0, 5000.00, 'Оплата проекта Ромео', 2, 'romeo', '2019-02-26', '0000-00-00', 1, 1, 1551281009, 1551194609),
(176, 0, 500.00, 'Десятина', 2, 'desyatina', '0000-00-00', '2019-02-27', 2, 0, 1551281501, 1551281501),
(180, 0, 200.00, 'L&S Club', 3, 'ls_club', '0000-00-00', '2019-03-02', 2, 0, 1551860590, 1551514990),
(185, 0, 300.00, 'Заправка BMW', 2, 'other', '0000-00-00', '2019-03-02', 2, 0, 1551862021, 1551516421),
(186, 0, 100.00, 'Жертва в новом пути', 1, 'donations', '0000-00-00', '2019-03-03', 2, 0, 1551862050, 1551602850),
(187, 0, 2000.00, 'Пастор перевел мне на лекарства', 2, 'other', '2019-03-02', '0000-00-00', 1, 1, 1551862110, 1551516510),
(188, 0, 130.50, 'Аптека (аскорбинки 2шт, Бутылек таблеток для иммунитета)', 2, 'pharmacy', '0000-00-00', '2019-03-02', 2, 0, 1551862176, 1551516576),
(189, 0, 500.00, 'Получил в конверте в новом пути', 1, 'other', '2019-03-03', '0000-00-00', 1, 1, 1551862227, 1551603027),
(190, 0, 500.00, 'Отдал Лиде', 1, 'my_family', '0000-00-00', '2019-03-03', 2, 0, 1551862248, 1551603048),
(191, 0, 766.70, 'Аптека (КрБр, Мария РА - ибуклин, энтерофурил, пенталгин&quot;обесбаливающие&quot;)', 2, 'pharmacy', '0000-00-00', '2019-03-06', 2, 0, 1551862317, 1551862317),
(192, 0, 500.00, 'Заправка BMW', 2, 'other', '0000-00-00', '2019-03-06', 2, 0, 1551862335, 1551862335),
(193, 0, 2.00, 'Выравнивание баланса', 2, 'equation', '0000-00-00', '2019-03-01', 2, 0, 1551862430, 1551430430),
(194, 0, 500.00, 'Заправка BMW', 2, 'other', '0000-00-00', '2019-03-06', 2, 0, 1551864346, 1551864346),
(195, 0, 766.70, 'Аптека (КрБр, мария РА - энтерофурил, ибуклин, пенталгин&quot;обезбаливающие&quot;)', 2, 'pharmacy', '0000-00-00', '2019-03-06', 2, 0, 1551864346, 1551864346),
(196, 0, 200.00, 'L&S Club', 3, 'ls_club', '0000-00-00', '2019-03-06', 2, 0, 1551864346, 1551864346),
(197, 0, 500.00, 'Отдал Лиде', 1, 'my_family', '0000-00-00', '2019-03-06', 2, 0, 1551864346, 1551864346),
(199, 0, 130.50, 'Аптека (аскорбинки 2шт, Бутылек таблеток для иммунитета)', 2, 'pharmacy', '2019-03-03', '2019-03-06', 1, 0, 1551864346, 1551605146),
(200, 0, 300.00, 'Заправка BMW', 2, 'other', '2019-03-03', '2019-03-06', 1, 0, 1551864346, 1551605146),
(202, 0, 61.30, 'Ароматизатор в BMW. В киселевске, в светофоре купил.', 2, 'other', '0000-00-00', '2019-03-07', 2, 0, 1551957687, 1551957687),
(203, 0, 1000.00, 'Жека шутов мне дал на подарок Лиде на 8 марта.', 1, 'other', '2019-03-07', '0000-00-00', 1, 1, 1551957740, 1551957740),
(204, 0, 1000.00, 'Купил Лиде букет цветов на 8 марта. 1200рэ. 200рэ - добавил с карты сбера.', 1, 'other', '0000-00-00', '2019-03-07', 2, 0, 1551957794, 1551957794),
(205, 0, 200.00, 'Лиде на 8 марта - Доплатил за букет цветов стоимостью 1200рэ. 1000р заплатил наличкой.', 2, 'other', '0000-00-00', '2019-03-07', 2, 0, 1551957876, 1551957876),
(206, 0, 450.00, 'Купил маме букет цветов на 8 марта.', 2, 'other', '0000-00-00', '2019-03-07', 2, 0, 1551957911, 1551957911),
(207, 0, 350.00, 'L&S Club', 2, 'ls_club', '0000-00-00', '2018-11-21', 2, 0, 1551958137, 1542799737),
(208, 0, 100.00, 'L&S Club', 3, 'ls_club', '0000-00-00', '2018-11-27', 2, 0, 1551958200, 1543318200),
(209, 0, 100.00, 'L&S Club', 3, 'ls_club', '0000-00-00', '2018-12-04', 2, 0, 1551958238, 1543923038),
(210, 0, 50.00, 'L&S Club', 3, 'ls_club', '0000-00-00', '2018-12-04', 2, 0, 1551958273, 1543923073),
(211, 0, 200.00, 'L&S Club', 3, 'ls_club', '0000-00-00', '2018-12-21', 2, 0, 1551958305, 1545391905),
(212, 0, 3200.00, 'Тетракс Интерком. Беловский заказчик оплатил домен и хостинг.', 2, 'other', '2019-03-08', '0000-00-00', 1, 0, 1552049642, 1552049642),
(213, 0, 3200.00, 'Я оплатил аккаунт на beget. Хост - тарифный план на 10 сайтов. Логина akvarin1', 2, 'other', '0000-00-00', '2019-03-08', 2, 0, 1552049696, 1552049696),
(214, 0, 55.00, 'В белово купил бургер, на остановке Палата', 2, 'other', '0000-00-00', '2019-03-08', 2, 0, 1552049787, 1552049787),
(215, 0, 200.00, 'Десятина', 1, 'desyatina', '0000-00-00', '2019-03-15', 2, 0, 1552914076, 1552654876),
(216, 1, 1800.00, 'Чеченские. Сведения по бумажке - 1851,40', 1, 'preferential_payments', '2019-03-15', '0000-00-00', 1, 1, 1552914076, 1552654876),
(217, 0, 1600.00, 'Закинул наличку на карту сбера', 1, 'move', '0000-00-00', '2019-03-15', 2, 0, 1552915360, 1552656160),
(218, 0, 1600.00, 'Закинул наличку на карту сбера', 2, 'move', '2019-03-15', '0000-00-00', 1, 0, 1552915360, 1552656160),
(219, 0, 1600.00, 'Закинул наличку на карту сбера', 0, 'move', '2019-03-15', '0000-00-00', 3, 0, 1552915360, 1552656160),
(220, 2, 280.00, 'Себе на телефон', 2, 'phone_balance', '0000-00-00', '2019-03-15', 2, 0, 1552915530, 1552656330),
(221, 2, 270.00, 'Лиде на телефон', 2, 'other', '0000-00-00', '2019-03-15', 2, 0, 1552915530, 1552656330),
(222, 0, 200.00, 'Снял 200р, дать Лиде на проезд на автобус.', 2, 'move', '0000-00-00', '2019-03-16', 2, 0, 1552915688, 1552742888),
(223, 0, 200.00, 'Снял 200р, дать Лиде на проезд на автобус.', 1, 'move', '2019-03-16', '0000-00-00', 1, 0, 1552915688, 1552742888),
(224, 0, 200.00, 'Снял 200р, дать Лиде на проезд на автобус.', 0, 'move', '2019-03-16', '0000-00-00', 3, 0, 1552915688, 1552742888),
(225, 0, 200.00, 'Дал Лиде 200р на проезд на автобус.', 1, 'other', '0000-00-00', '2019-03-16', 2, 0, 1552915726, 1552742926),
(226, 0, 5000.00, 'Тетракс Интерком оплата за сайт визитку', 1, 'other', '2019-03-18', '0000-00-00', 1, 1, 1552915889, 1552915889),
(227, 0, 200.00, 'Тетракс Интерком дали на регистрацию домена', 1, 'other', '2019-03-18', '0000-00-00', 1, 0, 1552915889, 1552915889),
(228, 0, 5000.00, 'Ромео, оплата за проект.', 2, 'romeo', '2019-03-18', '0000-00-00', 1, 1, 1552915889, 1552915889),
(229, 0, 82.00, 'Купил 2 беляша в Белово на остановке &quot;Парк молодежный&quot;', 1, 'other', '0000-00-00', '2019-03-18', 2, 0, 1552915994, 1552915994),
(230, 0, 200.00, 'Купил на рынке подшипники, на Алёнин самокат. 2шт по 100р.', 1, 'other', '0000-00-00', '2019-03-18', 2, 0, 1552915994, 1552915994),
(231, 0, 5000.00, 'Снял наличку со сбера для покупки самоката', 2, 'move', '0000-00-00', '2019-03-18', 2, 0, 1552916357, 1552916357),
(232, 0, 5000.00, 'Снял наличку со сбера для покупки самоката', 1, 'move', '2019-03-18', '0000-00-00', 1, 0, 1552916357, 1552916357),
(233, 0, 5000.00, 'Снял наличку со сбера для покупки самоката', 0, 'move', '2019-03-18', '0000-00-00', 3, 0, 1552916357, 1552916357),
(234, 0, 4852.00, 'Купил Максимке самокат в Белово, в &quot;игрушкино&quot;.', 1, 'other', '0000-00-00', '2019-03-18', 2, 0, 1552916458, 1552916458),
(235, 0, 5000.00, 'Закинул наличку на карту сбера 5000р для оплат онлайн услуг.', 1, 'move', '0000-00-00', '2019-03-18', 2, 0, 1552916601, 1552916601),
(236, 0, 5000.00, 'Закинул наличку на карту сбера 5000р для оплат онлайн услуг.', 2, 'move', '2019-03-18', '0000-00-00', 1, 0, 1552916601, 1552916601),
(237, 0, 5000.00, 'Закинул наличку на карту сбера 5000р для оплат онлайн услуг.', 0, 'move', '2019-03-18', '0000-00-00', 3, 0, 1552916601, 1552916601),
(238, 0, 4500.00, 'Алименты', 2, 'my_family', '0000-00-00', '2019-03-18', 2, 0, 1552916715, 1552916715),
(239, 0, 200.00, 'Оплата домена тетракс.рф', 2, 'other', '0000-00-00', '2019-03-18', 2, 0, 1552916715, 1552916715),
(240, 2, 860.00, 'Оплата Ростелеком', 2, 'other', '0000-00-00', '2019-03-18', 2, 0, 1552916715, 1552916715),
(241, 0, 116.30, 'В марии ра на перекрестке &quot;вокзальный&quot; купил газ воду, булку хлеба, палку колбасы.', 2, 'other', '0000-00-00', '2019-03-16', 2, 0, 1552916862, 1552744062),
(242, 0, 66.00, 'Купил детям 2 блина &quot;Сибирские блины&quot;', 2, 'other', '0000-00-00', '2019-03-16', 2, 0, 1552916862, 1552744062),
(243, 0, 2000.00, 'Invest Андрей', 5, 'invest', '2019-03-21', '0000-00-00', 1, 1, 1553493363, 1553147763),
(244, 2, 150.00, 'L&S Club', 3, 'ls_club', '0000-00-00', '2019-03-20', 2, 0, 1553493363, 1553061363),
(245, 0, 2000.00, '2000 Перевод с WebMoney на Сбербанк комиссия 106,72', 5, 'move', '0000-00-00', '2019-03-21', 2, 0, 1553493460, 1553147860),
(246, 0, 2000.00, '2000 Перевод с WebMoney на Сбербанк комиссия 106,72', 2, 'move', '2019-03-21', '0000-00-00', 1, 0, 1553493460, 1553147860),
(247, 0, 2000.00, '2000 Перевод с WebMoney на Сбербанк комиссия 106,72', 0, 'move', '2019-03-21', '0000-00-00', 3, 0, 1553493460, 1553147860),
(248, 2, 2000.00, 'Оплата кредита за телефон', 2, 'loan_payment_over_the_phone', '0000-00-00', '2019-03-21', 2, 0, 1553493510, 1553147910),
(249, 0, 32.00, 'Чай белово Сибирские блины у вокзала', 2, 'other', '0000-00-00', '2019-03-23', 2, 0, 1553493582, 1553320782),
(250, 0, 66.00, '2 Блина белово Сибирские блины у вокзала', 2, 'other', '0000-00-00', '2019-03-23', 2, 0, 1553493582, 1553320782),
(251, 0, 320.00, 'Пастор перевел мне на карту сбера, для покупки чехла на телефон для Аллы', 2, 'other', '2019-03-23', '0000-00-00', 1, 0, 1553493672, 1553320872),
(252, 0, 100.00, 'Дал Лиде на билет автобуса 109', 2, 'my_family', '0000-00-00', '2019-03-23', 2, 0, 1553493741, 1553320941),
(254, 0, 1300.00, 'Invest Андрей', 5, 'invest', '2019-03-25', '0000-00-00', 1, 1, 1553493933, 1553493933),
(255, 0, 1000.00, 'Перевод с WebMoney на Сбер', 5, 'move', '0000-00-00', '2019-03-25', 2, 0, 1553494278, 1553494278),
(256, 0, 1000.00, 'Перевод с WebMoney на Сбер', 2, 'move', '2019-03-25', '0000-00-00', 1, 0, 1553494278, 1553494278),
(257, 0, 1000.00, 'Перевод с WebMoney на Сбер', 0, 'move', '2019-03-25', '0000-00-00', 3, 0, 1553494278, 1553494278),
(258, 0, 5000.00, 'Оплата проекта Ромео', 2, 'romeo', '2019-03-27', '0000-00-00', 1, 1, 1553742496, 1553656096),
(259, 0, 200.00, 'L&S Club', 3, 'ls_club', '0000-00-00', '2019-04-02', 2, 0, 1554194952, 1554194952),
(260, 0, 10000.00, 'Оплата проекта Ромео', 2, 'other', '2019-04-01', '0000-00-00', 1, 1, 1554194952, 1554108552),
(261, 0, 7500.00, 'Отдал Лиде, ездили в Белово, одели детей.', 2, 'my_family', '0000-00-00', '2019-04-02', 2, 0, 1554281979, 1554195579),
(262, 0, 4500.00, 'Перевел Лиде', 2, 'my_family', '0000-00-00', '2019-04-05', 2, 0, 1554735419, 1554476219),
(263, 0, 5000.00, 'Оплата проекта Ромео', 2, 'other', '2019-04-05', '0000-00-00', 1, 1, 1554735419, 1554476219),
(264, 0, 5000.00, 'Оплата проекта Ромео', 2, 'romeo', '2019-04-19', '0000-00-00', 1, 1, 1556087975, 1555655975),
(265, 0, 3000.00, 'Андрей Москва оплата за Invest', 2, 'other', '2019-04-18', '0000-00-00', 1, 1, 1556087975, 1555569575),
(266, 0, 200.00, 'L&S Club', 3, 'ls_club', '0000-00-00', '2019-04-24', 2, 0, 1556118395, 1556118395),
(267, 0, 5000.00, 'Проект Ромео', 2, 'romeo', '2019-05-06', '0000-00-00', 1, 1, 1557461226, 1557115626),
(268, 0, 200.00, 'LSClub', 3, 'ls_club', '0000-00-00', '2019-05-10', 2, 0, 1557461378, 1557461378),
(269, 0, 2200.00, 'Андрей Москва', 5, 'invest', '2019-04-27', '0000-00-00', 1, 1, 1557461466, 1556338266),
(270, 0, 5000.00, 'Проект Ромео', 2, 'romeo', '2019-05-13', '0000-00-00', 1, 1, 1557757228, 1557757228),
(271, 0, 1850.00, 'Чеченские. Сведения по бумажке - 1851,40', 1, 'preferential_payments', '2019-04-15', '0000-00-00', 1, 1, 1558340752, 1555316752),
(272, 1, 1850.00, 'Чеченские. Сведения по бумажке - 1851,40', 1, 'preferential_payments', '2019-05-15', '0000-00-00', 1, 1, 1558340831, 1557908831),
(273, 0, 200.00, 'Десятина с чеченских', 1, 'desyatina', '0000-00-00', '2019-05-18', 2, 0, 1558341339, 1558168539),
(274, 0, 5000.00, 'Оплата проекта Ромео', 2, 'romeo', '2019-05-29', '0000-00-00', 1, 1, 1559115778, 1559115778),
(275, 0, 2000.00, 'Invest Андрей москва', 2, 'invest', '2019-05-23', '0000-00-00', 1, 1, 1559115892, 1558597492),
(276, 0, 200.00, 'L&S Club', 3, 'ls_club', '0000-00-00', '2019-05-22', 2, 0, 1559115935, 1558511135),
(277, 0, 1000.00, 'L&S Club', 3, 'ls_club', '0000-00-00', '2019-06-12', 2, 0, 1560936784, 1560331984),
(278, 0, 2000.00, 'Жертва Господу. Отправил Антону Кочура', 2, 'donations', '0000-00-00', '2019-06-12', 2, 0, 1560936841, 1560332041),
(279, 0, 10000.00, 'Андрей Москва invest', 5, 'invest', '2019-06-13', '0000-00-00', 1, 1, 1560936912, 1560418512),
(280, 2, 2000.00, 'Оплата кредита за телефон', 2, 'loan_payment_over_the_phone', '0000-00-00', '2019-06-13', 2, 0, 1560936964, 1560418564),
(281, 0, 1000.00, 'Десятина', 1, 'desyatina', '0000-00-00', '2019-06-13', 2, 0, 1560936998, 1560418598),
(282, 0, 3500.00, 'Зубной врач. Лечил два зуба. В карагайлинском.', 1, 'other', '0000-00-00', '2019-06-14', 2, 0, 1560937053, 1560505053),
(283, 1, 1850.00, 'Чеченские по квитанции 1851.40', 1, 'preferential_payments', '2019-06-17', '0000-00-00', 1, 1, 1560937112, 1560764312),
(284, 0, 5000.00, 'Ромео', 2, 'romeo', '2019-06-17', '0000-00-00', 1, 1, 1560937143, 1560764343),
(285, 0, 5000.00, 'Ромео', 2, 'romeo', '2019-06-13', '0000-00-00', 1, 1, 1560937379, 1560418979),
(286, 0, 5000.00, 'Оплата Ромео', 2, 'romeo', '2019-06-25', '0000-00-00', 1, 1, 1561557622, 1561471222),
(287, 0, 10000.00, 'Оплата проекта Ромео', 2, 'romeo', '2019-07-10', '0000-00-00', 1, 1, 1563873925, 1562750725),
(288, 1, 1800.00, 'Чеченские. По чеку 1851,40', 1, 'preferential_payments', '2019-07-18', '0000-00-00', 1, 1, 1563874067, 1563442067),
(289, 0, 10000.00, 'Оплата проекта Ромео', 2, 'romeo', '2019-08-01', '0000-00-00', 1, 1, 1564981113, 1564635513),
(290, 0, 2659.42, 'Закупка в светофоре', 2, 'traffic_light', '0000-00-00', '2019-09-23', 2, 0, 1569224755, 1569224755),
(291, 0, 10000.00, 'Оплата проекта Ромео', 2, 'romeo', '2019-09-02', '0000-00-00', 1, 1, 1569224847, 1567410447),
(292, 0, 9794.27, 'Андрей Москва перевел на WebMoney 160$. Вывел на сбербанк.', 2, 'invest', '2019-09-06', '0000-00-00', 1, 1, 1569225014, 1567756214),
(293, 0, 3191.34, 'Андрей Москва перевел на WebMoney 50$. Вывел на сбербанк.', 2, 'invest', '2019-09-17', '0000-00-00', 1, 1, 1569225088, 1568706688),
(294, 0, 10000.00, 'Оплата проекта Ромео', 2, 'romeo', '2019-09-19', '0000-00-00', 1, 1, 1569225118, 1568879518),
(295, 0, 3123.09, 'Андрей invest 50$', 5, 'invest', '2019-09-28', '0000-00-00', 1, 1, 1570618758, 1569668358),
(296, 0, 10000.00, 'Ромео Сбербанк', 2, 'romeo', '2019-10-01', '0000-00-00', 1, 1, 1570618815, 1569927615),
(297, 0, 3104.56, 'Андрей invest 50$', 5, 'invest', '2019-10-03', '0000-00-00', 1, 1, 1570618884, 1570100484),
(298, 0, 2900.00, 'Светофор', 2, 'traffic_light', '0000-00-00', '2019-10-04', 2, 0, 1570618965, 1570186965),
(299, 0, 3111.94, 'Андрей invest 50$', 5, 'invest', '2019-10-03', '0000-00-00', 1, 1, 1570619049, 1570100649),
(300, 0, 700.00, 'Лида Доход', 1, 'lida_income', '2019-09-28', '0000-00-00', 1, 1, 1570619244, 1569668844),
(301, 0, 400.00, 'Лида доход', 1, 'lida_income', '2019-10-03', '0000-00-00', 1, 1, 1570619276, 1570100876),
(302, 1, 2731.00, 'Лида зарплата', 1, 'lida_income', '2019-10-21', '0000-00-00', 1, 1, 1571803208, 1571630408),
(303, 1, 1800.00, 'Чеченские (по факту ...)', 1, 'preferential_payments', '2019-10-18', '0000-00-00', 1, 1, 1571803208, 1571371208),
(304, 0, 10000.00, 'Оплата проекта Ромео', 2, 'romeo', '2019-10-16', '0000-00-00', 1, 1, 1571803208, 1571198408),
(305, 0, 600.00, 'Сварка машины Андрей', 1, 'other', '2019-10-16', '0000-00-00', 1, 1, 1571803208, 1571198408),
(306, 0, 1740.75, 'Светофор', 1, 'traffic_light', '0000-00-00', '2019-10-22', 2, 0, 1571803404, 1571717004),
(307, 0, 2700.00, 'Лида Зарплата', 1, 'lida_income', '2019-10-23', '0000-00-00', 1, 1, 1571808256, 1571808256),
(308, 0, 6161.30, 'Андрей перечислил 100$', 5, 'invest', '2019-10-23', '0000-00-00', 1, 1, 1571808256, 1571808256),
(309, 0, 6000.00, 'WebMoney WMP Перевел на виртуальную карту WebMoney', 5, 'move', '0000-00-00', '2019-10-23', 2, 0, 1571808312, 1571808312),
(310, 0, 6000.00, 'WebMoney WMP Перевел на виртуальную карту WebMoney', 6, 'move', '2019-10-23', '0000-00-00', 1, 0, 1571808312, 1571808312),
(311, 0, 6000.00, 'WebMoney WMP Перевел на виртуальную карту WebMoney', 0, 'move', '2019-10-23', '0000-00-00', 3, 0, 1571808312, 1571808312),
(312, 0, 2300.00, 'Наличка на сбер 2300', 1, 'move', '0000-00-00', '2019-10-23', 2, 0, 1571817293, 1571817293),
(313, 0, 2300.00, 'Наличка на сбер 2300', 2, 'move', '2019-10-23', '0000-00-00', 1, 0, 1571817293, 1571817293),
(314, 0, 2300.00, 'Наличка на сбер 2300', 0, 'move', '2019-10-23', '0000-00-00', 3, 0, 1571817293, 1571817293),
(315, 0, 400.00, 'Десятина с Лидиной зарплаты (2700) и с моего дохода от Андрея (6161,30).', 1, 'desyatina', '0000-00-00', '2019-10-23', 2, 0, 1571817447, 1571817447),
(316, 0, 170.00, 'Еда', 1, 'other', '0000-00-00', '2019-10-25', 2, 0, 1571983494, 1571983494),
(317, 0, 100.00, 'Десятина с Лидиного дохода', 1, 'desyatina', '0000-00-00', '2019-10-25', 2, 0, 1571983494, 1571983494),
(318, 0, 1000.00, 'Доход Лида', 1, 'lida_income', '2019-10-25', '0000-00-00', 1, 1, 1571983494, 1571983494),
(319, 0, 200.00, 'Дима занял', 2, 'other', '0000-00-00', '2019-10-24', 2, 0, 1571983494, 1571897094),
(320, 0, 220.00, 'Кабельное телевидение', 2, 'other', '0000-00-00', '2019-10-24', 2, 0, 1571983494, 1571897094),
(321, 0, 450.00, 'КузбассЭнергоСбыт', 2, 'other', '0000-00-00', '2019-10-24', 2, 0, 1571983494, 1571897094),
(322, 0, 261.03, 'Мусор', 2, 'other', '0000-00-00', '2019-10-23', 2, 0, 1571983494, 1571810694),
(323, 0, 100.00, '100 в десятину', 1, 'desyatina', '0000-00-00', '2019-10-25', 2, 0, 1571983842, 1571983842),
(324, 0, 339.80, 'Машинки ХотВилс', 6, 'other', '0000-00-00', '2019-10-24', 2, 0, 1571983920, 1571897520),
(325, 0, 22.00, 'Булка хлеба', 2, 'food', '0000-00-00', '2019-10-24', 2, 0, 1571984140, 1571897740),
(326, 0, 47.00, 'Еда', 2, 'food', '0000-00-00', '2019-10-25', 2, 0, 1572699929, 1572008729),
(327, 0, 1000.00, 'Перемещение со Сбербанка на Наличку', 2, 'move', '0000-00-00', '2019-10-25', 2, 0, 1572699979, 1572008779),
(328, 0, 1000.00, 'Перемещение со Сбербанка на Наличку', 1, 'move', '2019-10-25', '0000-00-00', 1, 0, 1572699979, 1572008779),
(329, 0, 1000.00, 'Перемещение со Сбербанка на Наличку', 0, 'move', '2019-10-25', '0000-00-00', 3, 0, 1572699979, 1572008779),
(330, 0, 400.00, 'Алла и Гульнара дали на еду (на репетиции)', 1, 'other', '2019-10-26', '0000-00-00', 1, 0, 1572700099, 1572095299),
(331, 0, 100.00, 'Милостыня женщине в Инском на марии ра', 1, 'donations', '0000-00-00', '2019-10-26', 2, 0, 1572700139, 1572095339),
(332, 0, 3758.99, 'Андрей Invest перевел мне 60$', 5, 'invest', '2019-11-02', '0000-00-00', 1, 1, 1572700212, 1572700212),
(333, 0, 3600.00, 'Перевод с WebMoney на СберБанк с комиссией 130р', 5, 'move', '0000-00-00', '2019-11-02', 2, 0, 1572700279, 1572700279),
(334, 0, 3600.00, 'Перевод с WebMoney на СберБанк с комиссией 130р', 2, 'move', '2019-11-02', '0000-00-00', 1, 0, 1572700279, 1572700279),
(335, 0, 3600.00, 'Перевод с WebMoney на СберБанк с комиссией 130р', 0, 'move', '2019-11-02', '0000-00-00', 3, 0, 1572700279, 1572700279),
(336, 0, 100.00, 'Десятина', 1, 'desyatina', '0000-00-00', '2019-11-02', 2, 0, 1572700375, 1572700375),
(337, 0, 1000.00, 'Лиде подарила Бабушка на ДР', 1, 'lida_income', '2019-11-02', '0000-00-00', 1, 1, 1572700375, 1572700375),
(338, 0, 492.00, 'Еда мария ра Белово', 6, 'food', '0000-00-00', '2019-10-26', 2, 0, 1572701456, 1572096656),
(339, 0, 24.60, 'Еда мария ра Белово', 2, 'food', '0000-00-00', '2019-10-25', 2, 0, 1572701456, 1572010256),
(340, 0, 607.00, 'Fix Price белово', 6, 'other', '0000-00-00', '2019-10-27', 2, 0, 1572701456, 1572183056),
(341, 0, 203.20, 'Еда', 6, 'food', '0000-00-00', '2019-10-25', 2, 0, 1572701456, 1572010256),
(342, 0, 2285.00, 'Бишкек белово. Одежда.', 6, 'other', '0000-00-00', '2019-10-27', 2, 0, 1572701456, 1572183056),
(343, 0, 229.22, 'Еда', 6, 'food', '0000-00-00', '2019-10-27', 2, 0, 1572701456, 1572183056),
(344, 0, 499.78, 'Заправка Газпром Белово на 500р', 6, 'benzine', '0000-00-00', '2019-10-27', 2, 0, 1572701456, 1572183056),
(345, 0, 250.00, 'Делал копии ключа и чипа в Белово', 1, 'other', '0000-00-00', '2019-10-26', 2, 0, 1572701648, 1572096848),
(346, 0, 499.78, 'Бензин Газпром', 6, 'benzine', '0000-00-00', '2019-10-26', 2, 0, 1572701648, 1572096848),
(347, 0, 323.00, 'Еда (курица гриль) Белово', 6, 'food', '0000-00-00', '2019-10-26', 2, 0, 1572701648, 1572096848),
(348, 0, 499.98, 'Бензин Перекресток Ойл Карагайла', 2, 'benzine', '0000-00-00', '2019-11-02', 2, 0, 1572701770, 1572701770),
(349, 0, 232.70, 'Еда (Карагайлинский) Магнит', 2, 'food', '0000-00-00', '2019-11-02', 2, 0, 1572701770, 1572701770),
(350, 0, 2500.00, 'Пастор по просил замерить стеклопакет в Детском саду на броде. Оплата за замер.', 1, 'other', '2019-11-11', '0000-00-00', 1, 1, 1573475357, 1573475357),
(351, 0, 380.00, 'Еда в магните', 1, 'food', '0000-00-00', '2019-11-11', 2, 0, 1573475392, 1573475392),
(352, 0, 10000.00, 'Оплата проекта Ромео', 2, 'romeo', '2019-11-18', '0000-00-00', 1, 1, 1574084557, 1574084557),
(353, 1, 3000.00, 'Замена стеклопакета. Пастор заплатил.', 1, 'other', '2019-11-17', '0000-00-00', 1, 1, 1574084557, 1573998157),
(354, 1, 1800.00, 'Чеченские', 1, 'preferential_payments', '2019-11-15', '0000-00-00', 1, 1, 1574084557, 1573825357),
(356, 0, 7847.00, 'Лида Зарплата', 2, 'lida_income', '2019-11-10', '0000-00-00', 1, 1, 1574084557, 1573393357),
(357, 0, 1552.00, 'Торты белово', 2, 'food', '0000-00-00', '2019-11-03', 2, 0, 1574084557, 1572788557),
(358, 0, 10000.00, 'Проект Ромео', 2, 'romeo', '2019-11-03', '0000-00-00', 1, 1, 1574084557, 1572788557),
(359, 0, 6023.00, 'Андрей перевел 100$ и я вывел на Лидину Карту Сбербанка. Получилось 6023р.', 2, 'invest', '2019-11-19', '0000-00-00', 1, 1, 1574147620, 1574147620),
(360, 0, 1343.65, 'Еда магнит карагайлинский', 2, 'food', '0000-00-00', '2019-11-19', 2, 0, 1574223975, 1574137575),
(361, 0, 1300.00, 'Десятина', 1, 'desyatina', '0000-00-00', '2019-11-16', 2, 0, 1574224107, 1573878507),
(362, 0, 3890.00, 'Лида зимняя обувь. Покупали на КрБр.', 2, 'other', '0000-00-00', '2019-11-17', 2, 0, 1574239762, 1573980562),
(363, 0, 100.00, 'Жертва в церкви.', 1, 'donations', '0000-00-00', '2019-11-24', 2, 0, 1574665163, 1574578763),
(364, 0, 750.00, 'Валенки для Алёны. На рынке в Белово.', 2, 'other', '0000-00-00', '2019-11-24', 2, 0, 1574665163, 1574578763),
(365, 0, 120.00, 'Блины в блинной у вокзала в Белово', 2, 'food', '0000-00-00', '2019-11-24', 2, 0, 1574665163, 1574578763),
(366, 0, 1355.00, 'Магазин Бишкек. Одежда.', 2, 'other', '0000-00-00', '2019-11-24', 2, 0, 1574665163, 1574578763),
(367, 0, 22.00, 'Еда Булка хлеба. Магазин возле дома.', 2, 'food', '0000-00-00', '2019-11-24', 2, 0, 1574665163, 1574578763),
(368, 0, 296.00, 'Еда Магнит Карагайлинский', 2, 'food', '0000-00-00', '2019-11-23', 2, 0, 1574665163, 1574492363),
(369, 0, 215.00, 'Еда. Магазин возле дома.', 2, 'food', '0000-00-00', '2019-11-25', 2, 0, 1574681053, 1574681053),
(370, 0, 1665.39, 'Светофор, еда', 2, 'traffic_light', '0000-00-00', '2019-11-26', 2, 0, 1574766561, 1574766561),
(371, 0, 65.00, 'Еда. Сок томатный в губернском.', 1, 'food', '0000-00-00', '2019-12-02', 2, 0, 1575276291, 1575276291),
(372, 0, 115.00, 'Максим, оплата за питание в школе.', 1, 'other', '0000-00-00', '2019-12-02', 2, 0, 1575276291, 1575276291),
(373, 0, 100.00, 'Десятина', 1, 'desyatina', '0000-00-00', '2019-12-02', 2, 0, 1575276291, 1575276291),
(374, 0, 700.00, 'Ремонт окон на КрБр в детском саду', 1, 'other', '2019-12-02', '0000-00-00', 1, 1, 1575276291, 1575276291),
(375, 0, 517.00, 'Пастор, за сайт.', 2, 'other', '2019-11-29', '0000-00-00', 1, 1, 1575276291, 1575017091),
(376, 0, 200.00, 'Еда. Лида покупала фрукты во время поста. В карагайлинском.', 1, 'food', '0000-00-00', '2019-12-02', 2, 0, 1575287217, 1575287217),
(377, 0, 94.00, 'Еда. Магнит. Карагайлинский.', 1, 'food', '0000-00-00', '2019-12-03', 2, 0, 1575352932, 1575352932),
(378, 0, 126.00, 'Еда. Магнит. Карагайлинский.', 1, 'food', '0000-00-00', '2019-12-04', 2, 0, 1575449542, 1575449542),
(379, 0, 250.00, 'Оплата номера телефона Лиды', 2, 'phone_balance', '0000-00-00', '2019-12-04', 2, 0, 1575471194, 1575471194),
(380, 0, 585.94, 'Детский сад. Алёнины кружки', 2, 'kindergarten', '0000-00-00', '2019-12-04', 2, 0, 1575471194, 1575471194),
(381, 0, 10000.00, 'Проект Ромео', 2, 'romeo', '2019-12-04', '0000-00-00', 1, 1, 1575471194, 1575471194),
(382, 0, 50.00, 'Еда. Лида покупала семечки и детям сладости.', 1, 'food', '0000-00-00', '2019-12-04', 2, 0, 1575471491, 1575471491),
(383, 0, 310.00, 'Оплата баланса телефона. Моего номера телефона Ростелеком', 2, 'phone_balance', '0000-00-00', '2019-12-04', 2, 0, 1575471765, 1575471765),
(384, 0, 310.00, 'Оплата баланса Мегафон. Мой номер телефона', 2, 'phone_balance', '0000-00-00', '2019-12-04', 2, 0, 1575471765, 1575471765),
(385, 0, 600.00, 'Снял со сбербанка деньги в наличку', 2, 'move', '0000-00-00', '2019-12-05', 2, 0, 1575518764, 1575518764),
(386, 0, 600.00, 'Снял со сбербанка деньги в наличку', 1, 'move', '2019-12-05', '0000-00-00', 1, 0, 1575518764, 1575518764),
(387, 0, 600.00, 'Снял со сбербанка деньги в наличку', 0, 'move', '2019-12-05', '0000-00-00', 3, 0, 1575518764, 1575518764),
(388, 0, 1000.00, 'Снял со сбербанка в наличку для десятины.', 2, 'move', '0000-00-00', '2019-12-05', 2, 0, 1575518914, 1575518914),
(389, 0, 1000.00, 'Снял со сбербанка в наличку для десятины.', 1, 'move', '2019-12-05', '0000-00-00', 1, 0, 1575518914, 1575518914),
(390, 0, 1000.00, 'Снял со сбербанка в наличку для десятины.', 0, 'move', '2019-12-05', '0000-00-00', 3, 0, 1575518914, 1575518914),
(391, 0, 1000.00, 'Десятина', 1, 'desyatina', '0000-00-00', '2019-12-05', 2, 0, 1575518962, 1575518962),
(392, 0, 450.00, 'Купил в гараж 2 мечика на 18 шаг 1,5 (первый и второй)', 2, 'other', '0000-00-00', '2019-12-05', 2, 0, 1575546378, 1575546378),
(393, 0, 53.40, 'Упакцентр. Пластмассовая крышка для микроволновки.', 2, 'other', '0000-00-00', '2019-12-05', 2, 0, 1575546378, 1575546378),
(394, 0, 399.90, 'Бензин', 2, 'benzine', '0000-00-00', '2019-12-05', 2, 0, 1575546378, 1575546378),
(395, 0, 4572.57, 'Светофор (+подарки детям)', 2, 'traffic_light', '0000-00-00', '2019-12-05', 2, 0, 1575546378, 1575546378),
(396, 0, 1200.00, 'Игорь перевел для покупки запчасти на BMW (для лямбда зонда)', 2, 'other', '2019-12-05', '0000-00-00', 1, 0, 1575546447, 1575546447),
(397, 0, 405.50, 'Еда. Магнит в карагайлинском.', 2, 'food', '0000-00-00', '2019-12-05', 2, 0, 1575548726, 1575548726),
(398, 0, 1110.70, 'Покупка лямбда зонда на BMW на алиэкспрессе.', 2, 'other', '0000-00-00', '2019-12-05', 2, 0, 1575549488, 1575549488),
(399, 0, 300.00, 'Брат дал нам наличкой, а я со своего сбербанка перевел ему на его сбербанк 300р', 2, 'move', '0000-00-00', '2019-12-09', 2, 0, 1575977071, 1575890671),
(400, 0, 300.00, 'Брат дал нам наличкой, а я со своего сбербанка перевел ему на его сбербанк 300р', 1, 'move', '2019-12-09', '0000-00-00', 1, 0, 1575977071, 1575890671),
(401, 0, 300.00, 'Брат дал нам наличкой, а я со своего сбербанка перевел ему на его сбербанк 300р', 0, 'move', '2019-12-09', '0000-00-00', 3, 0, 1575977071, 1575890671),
(402, 0, 1600.00, 'В банкомате сбербанка сняли 1600 в наличку', 2, 'move', '0000-00-00', '2019-12-05', 2, 0, 1575977071, 1575545071),
(403, 0, 1600.00, 'В банкомате сбербанка сняли 1600 в наличку', 1, 'move', '2019-12-05', '0000-00-00', 1, 0, 1575977071, 1575545071),
(404, 0, 1600.00, 'В банкомате сбербанка сняли 1600 в наличку', 0, 'move', '2019-12-05', '0000-00-00', 3, 0, 1575977071, 1575545071),
(405, 0, 1500.00, 'В банкомате сбербанк сняли в наличку 1500', 2, 'move', '0000-00-00', '2019-12-08', 2, 0, 1575977071, 1575804271),
(406, 0, 1500.00, 'В банкомате сбербанк сняли в наличку 1500', 1, 'move', '2019-12-08', '0000-00-00', 1, 0, 1575977071, 1575804271),
(407, 0, 1500.00, 'В банкомате сбербанк сняли в наличку 1500', 0, 'move', '2019-12-08', '0000-00-00', 3, 0, 1575977071, 1575804271),
(408, 0, 300.00, 'Для Алёны сдали в детский сад', 1, 'kindergarten', '0000-00-00', '2019-12-09', 2, 0, 1575977512, 1575891112),
(409, 0, 150.00, 'Максим в школу на мероприятие \"фокусы\"', 1, 'other', '0000-00-00', '2019-12-09', 2, 0, 1575977512, 1575891112),
(410, 0, 500.00, 'Максим в школу на подарок', 1, 'other', '0000-00-00', '2019-12-09', 2, 0, 1575977512, 1575891112),
(411, 0, 73.00, 'Билет из белово в карагайлу', 1, 'other', '0000-00-00', '2019-12-08', 2, 0, 1575977512, 1575804712),
(412, 0, 100.00, 'Жертва в церкви', 1, 'donations', '0000-00-00', '2019-12-08', 2, 0, 1575977512, 1575804712),
(413, 0, 78.00, 'Билет на автобус из белово', 1, 'other', '0000-00-00', '2019-12-06', 2, 0, 1575977512, 1575631912),
(414, 0, 101.00, 'Еда в губернском Карагайлинский (сок и шоколадное яйцо)', 2, 'food', '0000-00-00', '2019-12-06', 2, 0, 1575977512, 1575631912),
(415, 0, 25.00, 'Пирожок на жд вокзале в белово', 1, 'other', '0000-00-00', '2019-12-06', 2, 0, 1575977512, 1575631912),
(416, 0, 100.00, 'Брелки детям. Билет в белово.', 1, 'other', '0000-00-00', '2019-12-06', 2, 0, 1575977512, 1575631912),
(417, 0, 5000.00, 'Лиде перевел Гена на сбербанк', 2, 'lida_income', '2019-12-06', '0000-00-00', 1, 1, 1575977512, 1575631912),
(418, 0, 2456.00, 'Покупки в бишкеке. Брали детям костюмы на НГ.', 2, 'other', '0000-00-00', '2019-12-08', 2, 0, 1575977668, 1575804868),
(419, 0, 500.00, 'Бензин на машину', 2, 'benzine', '0000-00-00', '2019-12-09', 2, 0, 1575977668, 1575891268),
(420, 0, 800.00, 'Оплата детского сада. За содержание ребенка.', 2, 'kindergarten', '0000-00-00', '2019-12-10', 2, 0, 1575977715, 1575977715),
(421, 0, 44.00, 'Еда (2 булки хлеба) в магазине возле дома.', 2, 'food', '0000-00-00', '2019-12-11', 2, 0, 1576047104, 1576047104),
(422, 0, 24.00, 'Две маленьких булки хлеба по 12р. Магазин рядом с домом.', 2, 'food', '0000-00-00', '2019-12-11', 2, 0, 1576062281, 1576062281),
(423, 0, 48.00, 'Жертва (Максиму дали мелочь для жертвенника)', 1, 'donations', '0000-00-00', '2019-12-15', 2, 0, 1576501463, 1576415063),
(424, 0, 226.20, 'Еда (белово мария-ра)', 2, 'food', '0000-00-00', '2019-12-15', 2, 0, 1576501463, 1576415063),
(425, 0, 300.00, 'Бензин (заправляли машину, поехали на машине на служение)', 2, 'benzine', '0000-00-00', '2019-12-15', 2, 0, 1576501463, 1576415063),
(426, 0, 63.00, 'Еда', 1, 'food', '0000-00-00', '2019-12-13', 2, 0, 1576501463, 1576242263),
(427, 0, 126.00, 'Еда', 1, 'food', '0000-00-00', '2019-12-13', 2, 0, 1576501463, 1576242263),
(428, 2, 560.00, 'Ростелеком (кабельный интернет)', 2, 'rostelecom', '0000-00-00', '2019-12-13', 2, 0, 1576501463, 1576242263),
(429, 0, 1960.00, 'Кредит за телефон', 2, 'loan_payment_over_the_phone', '0000-00-00', '2019-12-13', 2, 0, 1576501463, 1576242263),
(430, 0, 1850.00, 'Десятина', 1, 'desyatina', '0000-00-00', '2019-12-13', 2, 0, 1576501463, 1576242263),
(431, 0, 164.00, 'Еда', 2, 'food', '0000-00-00', '2019-12-13', 2, 0, 1576501463, 1576242263),
(432, 1, 1850.00, 'Чеченские (по чеку 1851,40)', 1, 'preferential_payments', '2019-12-13', '0000-00-00', 1, 1, 1576501463, 1576242263),
(433, 0, 300.00, 'Установка домофона', 2, 'other', '0000-00-00', '2019-12-13', 2, 0, 1576501463, 1576242263),
(434, 0, 6000.00, 'Андрей перевел на WMZ 100$. Перевел на WMR 6147,15 (перевел на карту WMP 6000)', 6, 'invest', '2019-12-13', '0000-00-00', 1, 1, 1576501463, 1576242263),
(435, 0, 9892.00, 'Лида доходы', 2, 'lida_income', '2019-12-13', '0000-00-00', 1, 1, 1576501463, 1576242263),
(436, 2, 410.00, 'КузбассЭнергоСбыт', 2, 'hcs', '0000-00-00', '2019-12-15', 2, 0, 1576501960, 1576415560),
(437, 2, 260.91, 'Мусор ООО \"ЭкоТек\"', 2, 'hcs', '0000-00-00', '2019-12-15', 2, 0, 1576501960, 1576415560),
(438, 2, 426.95, 'МП \"ИСТОК\"', 2, 'hcs', '0000-00-00', '2019-12-15', 2, 0, 1576501960, 1576415560),
(439, 2, 1629.02, 'ООО \"КОТК\"', 2, 'hcs', '0000-00-00', '2019-12-15', 2, 0, 1576501960, 1576415560),
(440, 2, 199.93, 'Фонд кап.ремонта', 2, 'hcs', '0000-00-00', '2019-12-15', 2, 0, 1576501960, 1576415560),
(441, 2, 339.48, 'МП \"Кристалл\"', 2, 'hcs', '0000-00-00', '2019-12-15', 2, 0, 1576501960, 1576415560),
(442, 2, 199.93, 'Фонд кап.ремонта', 2, 'hcs', '0000-00-00', '2019-12-15', 2, 0, 1576501960, 1576415560),
(443, 2, 447.23, 'ООО \"УК Домашний уют+\"', 2, 'hcs', '0000-00-00', '2019-12-15', 2, 0, 1576501960, 1576415560),
(444, 2, 220.00, 'Кабельное телевидение', 2, 'hcs', '0000-00-00', '2019-12-15', 2, 0, 1576501960, 1576415560),
(445, 0, 100.00, 'В белово, в сбербанке, через банкомат с карты сняли наличку 100р на еду.', 2, 'move', '0000-00-00', '2019-12-15', 2, 0, 1576502111, 1576415711),
(446, 0, 100.00, 'В белово, в сбербанке, через банкомат с карты сняли наличку 100р на еду.', 1, 'move', '2019-12-15', '0000-00-00', 1, 0, 1576502111, 1576415711),
(447, 0, 100.00, 'В белово, в сбербанке, через банкомат с карты сняли наличку 100р на еду.', 0, 'move', '2019-12-15', '0000-00-00', 3, 0, 1576502111, 1576415711),
(448, 0, 500.00, '500р покупка батареек для радиоуправляемой игрушки Максима, на НГ.', 2, 'other', '0000-00-00', '2019-12-16', 2, 0, 1576502657, 1576502657),
(449, 0, 257.04, 'Еда. Лида покупала еду в магните, в карагайлинском.', 2, 'food', '0000-00-00', '2019-12-16', 2, 0, 1576502657, 1576502657),
(450, 0, 5655.00, 'Строительный магазин на КрБр. Покупал смесители в квартиру (ванный и кухонный), два черенка, шурупы, цифру на дверь квартиры.', 6, 'other', '0000-00-00', '2019-12-16', 2, 0, 1576502657, 1576502657),
(451, 0, 274.24, 'Еда (чай, две шоколадки киндер)', 2, 'food', '0000-00-00', '2019-12-16', 2, 0, 1576502657, 1576502657),
(452, 0, 500.00, 'Галине Михайловне ремонтировал сантехнику', 1, 'other', '2019-12-17', '0000-00-00', 1, 1, 1576571228, 1576571228),
(453, 0, 10000.00, 'Проект Ромео', 2, 'romeo', '2019-12-17', '0000-00-00', 1, 1, 1576571228, 1576571228),
(454, 0, 300.00, 'Мама дала 300р на бензин (возил её в больницу), а заправился с карты.\nВ общем получилось обналичивание (перемещение)', 2, 'move', '0000-00-00', '2019-12-19', 2, 0, 1576731043, 1576731043),
(455, 0, 300.00, 'Мама дала 300р на бензин (возил её в больницу), а заправился с карты.\nВ общем получилось обналичивание (перемещение)', 1, 'move', '2019-12-19', '0000-00-00', 1, 0, 1576731043, 1576731043),
(456, 0, 300.00, 'Мама дала 300р на бензин (возил её в больницу), а заправился с карты.\nВ общем получилось обналичивание (перемещение)', 0, 'move', '2019-12-19', '0000-00-00', 3, 0, 1576731043, 1576731043),
(457, 0, 546.10, 'Магнит еда (Алёне взяли игрушку-хомячка за 149р)', 2, 'food', '0000-00-00', '2019-12-17', 2, 0, 1576731517, 1576558717),
(458, 0, 399.90, 'Бензин (поездка в киселевск, светофор и магазины)', 2, 'benzine', '0000-00-00', '2019-12-17', 2, 0, 1576731517, 1576558717),
(459, 0, 3319.00, 'Светофор', 2, 'traffic_light', '0000-00-00', '2019-12-17', 2, 0, 1576731517, 1576558717),
(460, 0, 1431.00, 'FixPrice', 2, 'other', '0000-00-00', '2019-12-17', 2, 0, 1576731517, 1576558717),
(461, 2, 300.00, 'Пополнил баланс телефона Ростелеком', 6, 'phone_balance', '0000-00-00', '2019-12-17', 2, 0, 1576731517, 1576558717),
(462, 0, 500.00, 'Копилка на выкуп кольца', 2, 'other', '0000-00-00', '2019-12-17', 2, 0, 1576731517, 1576558717),
(463, 0, 1100.00, 'Десятина', 2, 'desyatina', '0000-00-00', '2019-12-19', 2, 0, 1576731545, 1576731545),
(464, 0, 200.00, 'Мама отдала за лапшу и за мыло 200р', 1, 'other', '2019-12-17', '0000-00-00', 1, 0, 1576733843, 1576561043),
(465, 0, 3480.00, 'Лида доходы', 2, 'lida_income', '2019-12-19', '0000-00-00', 1, 1, 1576747351, 1576747351),
(466, 0, 500.00, 'Дал Косте на билеты. Перевел на yandex деньги.', 2, 'other', '0000-00-00', '2019-12-20', 2, 0, 1577075480, 1576816280),
(467, 0, 300.00, 'Бензин Газпром в белово', 2, 'benzine', '0000-00-00', '2019-12-22', 2, 0, 1577075480, 1576989080),
(468, 0, 586.51, 'Мария ра в белово. Брали еду в воскресенье, на репетиции.', 2, 'food', '0000-00-00', '2019-12-22', 2, 0, 1577075480, 1576989080),
(469, 0, 169.56, 'Покупка удилнителя в церковь', 2, 'donations', '0000-00-00', '2019-12-20', 2, 0, 1577075480, 1576816280),
(470, 0, 323.00, 'Жареная курица Волковский (ели в церкви)', 2, 'food', '0000-00-00', '2019-12-22', 2, 0, 1577075480, 1576989080),
(471, 0, 299.94, 'Заправка Газпром в белово.', 2, 'benzine', '0000-00-00', '2019-12-20', 2, 0, 1577075480, 1576816280),
(472, 0, 150.00, 'Жертва для Господа. 150р. Максим 100 и Алёна 50р.', 1, 'donations', '0000-00-00', '2019-12-22', 2, 0, 1577075480, 1576989080),
(473, 0, 626.85, 'Еда магнит карагайлинский', 2, 'food', '0000-00-00', '2019-12-20', 2, 0, 1577075480, 1576816280),
(474, 0, 300.00, 'Игорь отдал наличкой за еду (воскресенье. Мария ра)', 1, 'other', '2019-12-22', '0000-00-00', 1, 0, 1577075536, 1576989136),
(475, 0, 500.00, 'Лида отдала Гульнаре. За шатье костюма.', 1, 'other', '0000-00-00', '2019-12-22', 2, 0, 1577075608, 1576989208),
(476, 0, 159.00, 'Белово Мария ра еда', 1, 'food', '0000-00-00', '2019-12-20', 2, 0, 1577075651, 1576816451),
(477, 0, 168.00, 'На билеты от карагайлинского до белово. Лида ехала с детьми.', 1, 'other', '0000-00-00', '2019-12-20', 2, 0, 1577075766, 1576816566),
(478, 0, 11.00, 'Жертва. Лида дала Ане для жертвенника.', 1, 'donations', '0000-00-00', '2019-12-22', 2, 0, 1577075871, 1576989471),
(479, 0, 813.19, 'Еда. Лида покупала еду в магните. В карагайлинском.', 2, 'food', '0000-00-00', '2019-12-24', 2, 0, 1577265057, 1577178657),
(480, 0, 305.00, 'В аптеке покупал лекарства от кашля. Максиму. В карагайлинском.', 2, 'pharmacy', '0000-00-00', '2019-12-24', 2, 0, 1577265057, 1577178657),
(481, 0, 299.94, 'Заправка в белово. Ездил в церковь, заниматься на гитаре с Алексеем.', 2, 'benzine', '0000-00-00', '2019-12-23', 2, 0, 1577265057, 1577092257),
(482, 0, 300.00, 'Заправка на КрБр заправке. Ездил в трудовую, в больницу.', 2, 'benzine', '0000-00-00', '2019-12-25', 2, 0, 1577265057, 1577265057),
(483, 0, 100.00, '100 жертвенник, на молитве.', 1, 'donations', '0000-00-00', '2019-12-23', 2, 0, 1577265109, 1577092309),
(484, 0, 202.38, 'Мария ра еда брали в церковь сладости', 2, 'food', '0000-00-00', '2019-12-28', 2, 0, 1577626176, 1577539776),
(485, 0, 63.00, 'Билет на 20:00 из белово', 1, 'other', '0000-00-00', '2019-12-28', 2, 0, 1577626176, 1577539776),
(486, 0, 999.00, 'Фен DNS Белово', 2, 'other', '0000-00-00', '2019-12-28', 2, 0, 1577626176, 1577539776),
(487, 0, 697.00, 'Бишкек магазин Белово', 2, 'other', '0000-00-00', '2019-12-28', 2, 0, 1577626176, 1577539776),
(488, 0, 500.00, 'АЗС Карагайлинский Перекресток Ойл', 2, 'benzine', '0000-00-00', '2019-12-26', 2, 0, 1577626176, 1577366976),
(489, 0, 500.00, 'АЗС Краснобродский', 2, 'benzine', '0000-00-00', '2019-12-28', 2, 0, 1577626176, 1577539776),
(490, 0, 732.72, 'Новекс Белово. Брали с Лидой всё подряд.', 2, 'other', '0000-00-00', '2019-12-28', 2, 0, 1577626176, 1577539776),
(491, 0, 344.94, 'АЗС ГасзпромНефть, и орбит детям взял.', 2, 'benzine', '0000-00-00', '2019-12-25', 2, 0, 1577626176, 1577280576),
(492, 0, 700.00, 'В копилку на кольцо', 1, 'other', '0000-00-00', '2019-12-29', 2, 0, 1577626176, 1577626176),
(493, 0, 200.00, 'Лида, десятина с денег, которые благословил ей пастор', 1, 'desyatina', '0000-00-00', '2019-12-29', 2, 0, 1577626176, 1577626176),
(494, 0, 300.00, 'Десятина с денег, которые благословил пастор', 1, 'desyatina', '0000-00-00', '2019-12-29', 2, 0, 1577626176, 1577626176),
(495, 0, 1000.00, 'Жертвенник', 1, 'donations', '0000-00-00', '2019-12-29', 2, 0, 1577626176, 1577626176),
(496, 0, 2000.00, 'Лиде пастор благословил', 1, 'other', '2019-12-29', '0000-00-00', 1, 1, 1577626176, 1577626176),
(497, 0, 2000.00, 'Пастор благословил', 1, 'other', '2019-12-29', '0000-00-00', 1, 1, 1577626176, 1577626176),
(498, 0, 3000.00, 'Лида доходы (зарплата \"аванс\")', 2, 'lida_income', '2019-12-27', '0000-00-00', 1, 1, 1577626176, 1577453376),
(499, 0, 300.00, 'Десятина с дохода Лиды (с аванса)', 1, 'desyatina', '0000-00-00', '2019-12-29', 2, 0, 1577626278, 1577626278),
(500, 0, 200.00, 'Со сбербанка в наличку (в белово. Утром заезжали)', 2, 'move', '0000-00-00', '2019-12-29', 2, 0, 1577626360, 1577626360),
(501, 0, 200.00, 'Со сбербанка в наличку (в белово. Утром заезжали)', 1, 'move', '2019-12-29', '0000-00-00', 1, 0, 1577626360, 1577626360),
(502, 0, 200.00, 'Со сбербанка в наличку (в белово. Утром заезжали)', 0, 'move', '2019-12-29', '0000-00-00', 3, 0, 1577626360, 1577626360),
(503, 0, 359.60, 'Еда. Ели в церкви на репетиции.', 1, 'food', '0000-00-00', '2019-12-29', 2, 0, 1577628560, 1577628560),
(504, 0, 800.00, 'Заправлял BMW на 800р', 2, 'benzine', '0000-00-00', '2019-12-25', 2, 0, 1577628560, 1577282960),
(505, 0, 46.00, 'Лида пожертвовала мелочь в церкви.', 1, 'donations', '0000-00-00', '2019-12-29', 2, 0, 1577628648, 1577628648),
(506, 0, 499.76, 'Заправка, Белово, газпромнефть (3 микрорайон)', 2, 'benzine', '0000-00-00', '2020-01-05', 2, 0, 1578296994, 1578210594),
(507, 0, 348.63, 'Мария ра. Еда в церкви на репетиции.', 2, 'food', '0000-00-00', '2020-01-05', 2, 0, 1578296994, 1578210594),
(508, 0, 352.00, 'Магнит. Карагайлинский. еда', 1, 'food', '0000-00-00', '2019-12-30', 2, 0, 1578296994, 1577692194),
(509, 0, 155.00, 'Магнит. Карагайлинский. еда', 1, 'food', '0000-00-00', '2019-12-30', 2, 0, 1578296994, 1577692194),
(510, 0, 23.90, 'Магнит. Карагайлинский. еда', 2, 'food', '0000-00-00', '2020-01-02', 2, 0, 1578296994, 1577951394),
(511, 0, 255.00, 'Магнит. Карагайлинский. еда', 1, 'food', '0000-00-00', '2019-12-31', 2, 0, 1578296994, 1577778594),
(512, 0, 847.00, 'Бишкек Белово. Лида покупала себе сумку за \"743р\", и расческу.', 2, 'other', '0000-00-00', '2020-01-05', 2, 0, 1578296994, 1578210594),
(513, 0, 1000.00, 'В копилку на кольцо', 2, 'other', '0000-00-00', '2020-01-04', 2, 0, 1578298922, 1578126122),
(514, 0, 310.00, 'Баланс телефона Мегафон Лида', 2, 'phone_balance', '0000-00-00', '2020-01-04', 2, 0, 1578298922, 1578126122),
(516, 0, 100.00, 'Жертвенник (+ из копилки на кольцо 200р взял)', 1, 'donations', '0000-00-00', '2020-01-04', 2, 0, 1578298922, 1578126122),
(517, 0, 100.00, 'Заправка на 100 на карагайле перекресток ойл', 6, 'benzine', '0000-00-00', '2020-01-01', 2, 0, 1578298922, 1577866922),
(518, 0, 100.00, 'Заправка на 100 на карагайле перекресток ойл', 2, 'benzine', '0000-00-00', '2020-01-01', 2, 0, 1578298922, 1577866922);
INSERT INTO `finance_movement` (`id`, `monthly`, `ammount`, `comment`, `wallet_id`, `tags`, `date_in`, `date_out`, `type_operation`, `income`, `created_at`, `date_time`) VALUES
(519, 0, 310.00, 'Баланс телефона Мегафон мой телефон', 2, 'phone_balance', '0000-00-00', '2019-12-31', 2, 0, 1578298922, 1577780522),
(520, 0, 148.00, '2 Майонеза по 74 покупал в магазине рядом с домом', 1, 'food', '0000-00-00', '2019-12-31', 2, 0, 1578298922, 1577780522),
(521, 0, 273.00, 'Фрукты на новый год (мандарины)', 1, 'food', '0000-00-00', '2019-12-30', 2, 0, 1578298922, 1577694122),
(522, 0, 12.00, 'Дал Насте на проезд', 1, 'other', '0000-00-00', '2019-12-30', 2, 0, 1578298922, 1577694122),
(523, 0, 22.00, 'Хлеб еда', 1, 'food', '0000-00-00', '2019-12-30', 2, 0, 1578298922, 1577694122),
(524, 0, 1200.00, 'Десятина', 2, 'desyatina', '0000-00-00', '2020-01-05', 2, 0, 1578299400, 1578213000),
(525, 0, 11322.00, 'Андрей invest (Перечислил 200$)', 2, 'invest', '2020-01-04', '0000-00-00', 1, 1, 1578299564, 1578126764),
(526, 0, 1316.00, 'Оплата бакофиса Jeunesse', 2, 'jeunesse', '0000-00-00', '2020-01-07', 2, 0, 1578464433, 1578378033),
(527, 0, 5236.29, 'Оплата STP сетевой бизнес', 2, 'stp', '0000-00-00', '2020-01-07', 2, 0, 1578464433, 1578378033),
(528, 0, 154.80, 'Joom (оплатили тряпочную подкладку на унитаз)', 2, 'other', '0000-00-00', '2020-01-08', 2, 0, 1578464595, 1578464595),
(529, 0, 89.00, 'Еда (магазин рядом с домом)', 2, 'food', '0000-00-00', '2020-01-07', 2, 0, 1578464595, 1578378195),
(530, 0, 22.00, 'Хлеб (магазин рядом с домом)', 2, 'food', '0000-00-00', '2020-01-07', 2, 0, 1578464595, 1578378195),
(531, 0, 60.00, 'Какая то комиссия при оплате STP', 2, 'stp', '0000-00-00', '2020-01-08', 2, 0, 1578464725, 1578464725),
(532, 0, 5361.08, 'Светофор. Ещё взяли одеяло, 2 подушки, игрушки детям, 2 детские лопатки.', 2, 'traffic_light', '0000-00-00', '2020-01-09', 2, 0, 1578577337, 1578577337),
(533, 0, 85.00, 'Еда. Магазин рядом с домом.', 2, 'food', '0000-00-00', '2020-01-09', 2, 0, 1578577337, 1578577337),
(534, 0, 500.00, 'Перевел Игорю Завражному. Он по просил дать ему, сколько могу.', 2, 'donations', '0000-00-00', '2020-01-09', 2, 0, 1578577337, 1578577337),
(535, 0, 685.05, 'FIX Price', 2, 'other', '0000-00-00', '2020-01-09', 2, 0, 1578577337, 1578577337),
(536, 0, 380.00, 'Балонник на машину', 2, 'other', '0000-00-00', '2020-01-09', 2, 0, 1578577337, 1578577337),
(537, 0, 10000.00, 'Оплата проекта Ромео', 2, 'romeo', '2020-01-09', '0000-00-00', 1, 1, 1578577337, 1578577337),
(538, 0, 650.00, 'Заправка. Перекресток Ойл, карагайла.', 1, 'benzine', '0000-00-00', '2020-01-09', 2, 0, 1578577453, 1578577453),
(539, 0, 650.00, 'Мама отдала. Покупали ей молоко и голени курицы.', 1, 'other', '2020-01-09', '0000-00-00', 1, 0, 1578577453, 1578577453),
(540, 0, 1500.00, 'В копилку на кольцо.', 2, 'other', '0000-00-00', '2020-01-09', 2, 0, 1578577504, 1578577504);

-- --------------------------------------------------------

--
-- Структура таблицы `migration`
--

CREATE TABLE `migration` (
  `version` varchar(180) NOT NULL,
  `apply_time` int(11) DEFAULT NULL
) ENGINE=InnoDB DEFAULT CHARSET=utf8;

--
-- Дамп данных таблицы `migration`
--

INSERT INTO `migration` (`version`, `apply_time`) VALUES
('m000000_000000_base', 1545134323),
('m130524_201442_init', 1545134327);

-- --------------------------------------------------------

--
-- Структура таблицы `projects`
--

CREATE TABLE `projects` (
  `id` int(11) NOT NULL,
  `code` varchar(100) DEFAULT NULL COMMENT 'Код имени проекта (либо свое имя либо транслит имени)',
  `name` text COMMENT 'Наименование проекта',
  `color` varchar(50) DEFAULT NULL COMMENT 'Цвет стоки имени проета',
  `active` int(1) DEFAULT '0' COMMENT 'Видимость на сайте'
) ENGINE=InnoDB DEFAULT CHARSET=utf8 COMMENT='Таблица с проектами';

--
-- Дамп данных таблицы `projects`
--

INSERT INTO `projects` (`id`, `code`, `name`, `color`, `active`) VALUES
(1, 'romeo', 'Ромео', '#DF0024', 1),
(2, 'serebros', 'Серебро Салаира', '#000000', 0),
(3, 'linkair', 'СибСфера', '#055C82', 0),
(4, 'tdstroymaster', 'ТДСтройМастер', '#BB7A40', 1),
(5, 'tetraxintercom', 'tetraxintercom.ru - сайт визитка', '#000000', 0),
(6, 'invest', 'investmentintegration', '#1CBAC8', 1),
(7, 'foto_game', 'Фото Игра', '#000000', 0),
(8, '28opt', '28opt', '#000000', 0),
(9, 'tz1', 'tz1', '#000000', 0),
(10, 'network_business', 'Сетевой бизнес', '#000000', 0),
(12, 'kingfisher_kz', 'kingfisher.kz', '#5E99D2', 1),
(13, 'mmymixkz', 'mymix.kz', '#AE4A84', 1),
(14, 'jeunesse', 'Jeunesse', '#0D7287', 1),
(15, 'spaceteam_kz', 'spaceteam.kz', '#D3275F', 1);

-- --------------------------------------------------------

--
-- Структура таблицы `tags`
--

CREATE TABLE `tags` (
  `id` int(11) NOT NULL,
  `code` varchar(100) DEFAULT 'other' COMMENT 'Код метки',
  `name` varchar(100) DEFAULT 'Прочее' COMMENT 'Строка метки',
  `ammount` float(11,2) DEFAULT '0.00' COMMENT 'Ежемесячная сумма (дохода/расхода)',
  `monthly` int(1) NOT NULL DEFAULT '0' COMMENT 'Ежемесячная плата (1-доход/2-расход)',
  `visible` int(1) DEFAULT '0' COMMENT '1 - показывать на сайте / 0 - не показывать на сайте'
) ENGINE=InnoDB DEFAULT CHARSET=utf8 COMMENT='Метки. Если приход, то откуда идет плата. Если расход, то куда идет плата.';

--
-- Дамп данных таблицы `tags`
--

INSERT INTO `tags` (`id`, `code`, `name`, `ammount`, `monthly`, `visible`) VALUES
(1, 'romeo', 'Ромео', 0.00, 0, 1),
(2, 'serebros', 'Серебро Салаира', 2000.00, 1, 0),
(3, 'invest', 'investmentintegration.com', 0.00, 0, 1),
(4, 'ls_club', 'L&S Club', 400.00, 2, 1),
(5, 'target_school', 'Обучение рекламе в вк', 0.00, 0, 0),
(6, 'my_family', 'Лидия3', 0.00, 0, 0),
(7, 'desyatina', 'Десятина', 0.00, 0, 1),
(8, 'donations', 'Пожертвования', 0.00, 0, 1),
(9, 'preferential_payments', 'Чеченские', 0.00, 1, 1),
(10, 'rostelecom', 'Ростелеком', 820.00, 2, 1),
(11, 'loan_payment_over_the_phone', 'Кредит за телефон', 2000.00, 2, 1),
(12, 'phone_balance', 'Баланс телефона', 250.00, 2, 1),
(13, 'pharmacy', 'Аптека', 0.00, 0, 1),
(14, 'yandex_money', 'Яндекс Деньги', 0.00, 0, 0),
(15, 'qiwi', 'Qiwi Кошелек', 0.00, 0, 0),
(16, 'move', 'Перемещение', 0.00, 0, 1),
(17, 'equation', 'Выравнивание баланса', 0.00, 0, 0),
(18, 'traffic_light', 'Светофор', 0.00, 0, 1),
(19, 'lida_income', 'Лида Доходы', 0.00, 0, 1),
(20, 'food', 'Еда', 0.00, 0, 1),
(21, 'benzine', 'Бензин', 0.00, 0, 1),
(22, 'kindergarten', 'Детский сад', 0.00, 0, 1),
(23, 'hcs', 'ЖКХ', 0.00, 0, 1),
(24, 'stp', 'STP SystemToPeople', 0.00, 0, 1),
(25, 'jeunesse', 'Jeunesse', 0.00, 0, 1);

-- --------------------------------------------------------

--
-- Структура таблицы `tasks`
--

CREATE TABLE `tasks` (
  `id` int(11) NOT NULL,
  `project_id` int(1) DEFAULT NULL COMMENT 'ID проекта по таблице projects',
  `name` text COMMENT 'Наименование задачи',
  `description` text COMMENT 'Описание задачи',
  `time_work` text COMMENT 'Время, по траченное на задачу\r\n(от начала работы - до приема задачи заказчиком)',
  `active` int(1) NOT NULL DEFAULT '0' COMMENT 'Видимость задачи',
  `created_at` int(10) DEFAULT '0' COMMENT 'Время создания задачи'
) ENGINE=InnoDB DEFAULT CHARSET=utf8 COMMENT='Задачи по проектам. Время выполнения каждой задачи.';

--
-- Дамп данных таблицы `tasks`
--

INSERT INTO `tasks` (`id`, `project_id`, `name`, `description`, `time_work`, `active`, `created_at`) VALUES
(2, 5, 'Верстка сайта визитки', 'Верстка html страницы. Одностраничный сайт. Правка уже готового шаблона.', '{\"days\":\"00\",\"hours\":\"03\",\"minutes\":\"11\",\"seconds\":\"13\"}', 1, 1552295239),
(3, 1, 'Страница \"Выгрузка этикеток\" правки', 'Делал сортировку строк по наименованию номенклатуры и размеру.', '{\"days\":\"00\",\"hours\":\"03\",\"minutes\":\"16\",\"seconds\":\"51\"}', 0, 1552380122),
(4, 1, 'Доработки на главной 0010 - 07.03.2019', 'Доработка главной', '{\"days\":\"00\",\"hours\":\"04\",\"minutes\":\"09\",\"seconds\":\"32\"}', 0, 1552558547),
(5, 1, 'Доработки сайта 0010 - 07.03.2019:2', 'Доработка общих блоков сайта 0010 - 07.03.2019', '{\"days\":\"00\",\"hours\":\"04\",\"minutes\":\"56\",\"seconds\":\"28\"}', 0, 1552898585),
(6, 6, 'Доработки сайта', 'Доработка загрузки обновленного файла Excel бизнес план', '{\"days\":\"03\",\"hours\":\"13\",\"minutes\":\"52\",\"seconds\":\"56\"}', 1, 1552998182),
(7, 1, 'Регистрация/Авторизация пользователей. Подтверждение Email.', 'Реализация функционала регистрация/авторизация пользователей на сайте. Подтверждение Email.', '{\"days\":\"00\",\"hours\":\"13\",\"minutes\":\"53\",\"seconds\":\"58\"}', 0, 1553081234),
(8, 1, 'Блок \"похожие товары\"3', 'На странице \"Корзина\", в самом низу - добавление блока \"похожие товары\"3', '{\"days\":\"00\",\"hours\":\"09\",\"minutes\":\"46\",\"seconds\":\"03\"}', 0, 1553506065),
(9, 1, '0011 - 09-2019', 'Доработка сайта', '{\"days\":\"00\",\"hours\":\"19\",\"minutes\":\"35\",\"seconds\":\"30\"}', 0, 1553626026),
(10, 1, '07 - 09-2019', 'Доработка добавления товаров в корзину. Доработка страницы - мои товары.', '{\"days\":\"01\",\"hours\":\"07\",\"minutes\":\"27\",\"seconds\":\"48\"}', 0, 1554717625),
(11, 1, 'Доработки', 'Доработки', '{\"days\":\"01\",\"hours\":\"14\",\"minutes\":\"24\",\"seconds\":\"16\"}', 1, 1556789189),
(12, 1, 'Работа с backend', 'Работа с backend', '{\"days\":\"00\",\"hours\":\"01\",\"minutes\":\"26\",\"seconds\":\"25\"}', 1, 1556792105),
(13, 1, 'Страница \"Заказы\"', 'В админке страница обработки заказов', '{\"days\":\"00\",\"hours\":\"06\",\"minutes\":\"56\",\"seconds\":\"04\"}', 0, 1556873642),
(20, 1, 'SEO настройка', 'Настройка сайта для поисковых систем', '{\"days\":\"00\",\"hours\":\"00\",\"minutes\":\"15\",\"seconds\":\"25\"}', 0, 1557928607),
(21, 1, 'Доработки Товарный чек', 'Доработки на странице товарный чек', '{\"days\":\"00\",\"hours\":\"01\",\"minutes\":\"11\",\"seconds\":\"29\"}', 0, 1558429326),
(22, 1, 'Работа с неисправностями', 'Работа с неисправностями сайта', '{\"days\":\"00\",\"hours\":\"01\",\"minutes\":\"32\",\"seconds\":\"55\"}', 0, 1558443101),
(23, 7, 'Установка шаблона на Yii2', 'Установка Yii2 и установка шаблона сайта на фреймворк', '{\"days\":\"00\",\"hours\":\"01\",\"minutes\":\"17\",\"seconds\":\"47\"}', 1, 1558456023),
(24, 3, 'Изменения на сайте', 'Изменения на сайте', '{\"days\":\"00\",\"hours\":\"01\",\"minutes\":\"37\",\"seconds\":\"40\"}', 1, 1558521219),
(25, 3, 'Исправления неисправностей', 'Исправления неисправностей', '{\"days\":\"00\",\"hours\":\"00\",\"minutes\":\"12\",\"seconds\":\"52\"}', 1, 1558525728),
(26, 7, 'Настройка фреймворка Yii2', 'Настройка фреймворка Yii2', '{\"days\":\"00\",\"hours\":\"00\",\"minutes\":\"11\",\"seconds\":\"43\"}', 1, 1558529293),
(27, 7, 'Настройка шаблона', 'Настройка шаблона', '{\"days\":\"00\",\"hours\":\"01\",\"minutes\":\"11\",\"seconds\":\"29\"}', 1, 1558531242),
(28, 1, 'Объединение залогининности', 'Объединение залогининности пользователей между backend и frontend', '{\"days\":\"00\",\"hours\":\"01\",\"minutes\":\"38\",\"seconds\":\"10\"}', 0, 1558539350),
(29, 1, 'Добавление инфы во frontend для админов', 'Добавление информации на страницы frontend, которая должна быть видима только для пользователей авторизованных в админке.', '{\"days\":\"00\",\"hours\":\"02\",\"minutes\":\"34\",\"seconds\":\"49\"}', 0, 1558630476),
(30, 1, 'Доработки на сайте для админа', 'Добавление дополнительной информации на странице single_product', '{\"days\":\"00\",\"hours\":\"00\",\"minutes\":\"49\",\"seconds\":\"19\"}', 0, 1559548527),
(31, 1, 'Доработки по размерам', 'Доработки по выводу размеров', '{\"days\":\"00\",\"hours\":\"02\",\"minutes\":\"15\",\"seconds\":\"31\"}', 0, 1559551635),
(32, 1, 'Фильтр в каталоге', 'Реализация функционала фильтра в каталоге', '{\"days\":\"01\",\"hours\":\"13\",\"minutes\":\"11\",\"seconds\":\"18\"}', 0, 1559661559),
(33, 8, 'Установка и разбор проекта', 'Установка сайта на локалку и разбор проекта, устройство движка и прочее.', '{\"days\":\"00\",\"hours\":\"12\",\"minutes\":\"56\",\"seconds\":\"34\"}', 1, 1566538618),
(34, 9, 'Выполнение ТЗ 1', 'Выполнение ТЗ 1', '{\"days\":\"00\",\"hours\":\"12\",\"minutes\":\"07\",\"seconds\":\"52\"}', 1, 1566809112),
(35, 8, 'Блок \"похожие товары\"', 'На странице \"Корзина\", в самом низу - добавление блока \"похожие товары\"', '{\"days\":\"00\",\"hours\":\"00\",\"minutes\":\"27\",\"seconds\":\"10\"}', 1, 1567074044),
(36, 1, 'Модификация панели администратора', 'Модификация панели администратора во фронтенде', '{\"days\":\"00\",\"hours\":\"05\",\"minutes\":\"05\",\"seconds\":\"38\"}', 0, 1568056417),
(37, 1, 'Реализация поиска user', 'Реализация поиска для обычного пользователя', '{\"days\":\"00\",\"hours\":\"03\",\"minutes\":\"02\",\"seconds\":\"22\"}', 0, 1568219336),
(38, 1, 'Реализация поиска admin', 'Реализация поиска для администратора', '{\"days\":\"00\",\"hours\":\"01\",\"minutes\":\"03\",\"seconds\":\"12\"}', 0, 1568219369),
(39, 1, 'Исправление неисправностей', 'Устранение неисправных частей сайта. Которые возникают иногда во время работы.', '{\"days\":\"00\",\"hours\":\"03\",\"minutes\":\"16\",\"seconds\":\"11\"}', 1, 1568885372),
(40, 1, '13-2019', 'Исправления неисправностей, доработки во frontend\'e и backend\'e.', '{\"days\":\"01\",\"hours\":\"12\",\"minutes\":\"36\",\"seconds\":\"52\"}', 0, 1569305246),
(41, 6, 'Работа с графиками', '\"Оживление графиков\"', '{\"days\":\"00\",\"hours\":\"04\",\"minutes\":\"43\",\"seconds\":\"35\"}', 1, 1569392925),
(42, 4, 'Добавление информации', 'Добавление информации на сайт. Сохранение информации с сайтов и добавление на сайт.', '{\"days\":\"00\",\"hours\":\"01\",\"minutes\":\"23\",\"seconds\":\"03\"}', 1, 1569482624),
(43, 4, 'Добавление дверей', 'Реализация функционала добавления новых дверей', '{\"days\":\"00\",\"hours\":\"05\",\"minutes\":\"59\",\"seconds\":\"23\"}', 1, 1569488424),
(44, 6, 'Тестирование сайта', 'Тестирование всех систем, всех страниц, всех скриптов.', '{\"days\":\"01\",\"hours\":\"01\",\"minutes\":\"57\",\"seconds\":\"40\"}', 1, 1570519444),
(45, 1, '14-2019', 'Доработки backend и frontend', '{\"days\":\"00\",\"hours\":\"20\",\"minutes\":\"08\",\"seconds\":\"06\"}', 0, 1571831741),
(68, 4, 'Доработка сайта', 'Доработка сайта', '{\"days\":\"00\",\"hours\":\"04\",\"minutes\":\"38\",\"seconds\":\"47\"}', 1, 1572523681),
(69, 1, 'Редактор страниц', 'Добавление редактора страниц. Установка и настройка HTML редактора.', '{\"days\":\"00\",\"hours\":\"02\",\"minutes\":\"00\",\"seconds\":\"37\"}', 1, 1573549950),
(70, 6, 'SMS подтрверждение телефона', 'Подключение сервиса подтверждения телефона по SMS на сайте.', '{\"days\":\"00\",\"hours\":\"09\",\"minutes\":\"28\",\"seconds\":\"20\"}', 1, 1574846824),
(71, 1, '15-2019', 'Описание', '{\"days\":\"00\",\"hours\":\"18\",\"minutes\":\"27\",\"seconds\":\"18\"}', 0, 1575439734),
(72, 1, 'Страница Акции', 'Работа со страницами акций', '{\"days\":\"00\",\"hours\":\"01\",\"minutes\":\"27\",\"seconds\":\"59\"}', 1, 1575873415),
(73, 1, '16-2019', 'Доработка каталога. Доработка товарного чека в админке.', '{\"days\":\"00\",\"hours\":\"16\",\"minutes\":\"11\",\"seconds\":\"04\"}', 1, 1577185838),
(74, 6, 'Устранение неисправностей', 'Устранение неисправностей, ошибок, багов', '{\"days\":\"00\",\"hours\":\"07\",\"minutes\":\"55\",\"seconds\":\"56\"}', 1, 1577973252),
(75, 10, 'Разбор бизнеса', 'Разбор бизнеса. Изучение нюансов, системы бизнеса.', '{\"days\":\"00\",\"hours\":\"00\",\"minutes\":\"00\",\"seconds\":\"00\"}', 1, 1578417954),
(76, 10, 'Обзвон людей, приглашение в бизнес', 'Обзвон людей, приглашение на деловую встречу.', '{\"days\":\"00\",\"hours\":\"00\",\"minutes\":\"00\",\"seconds\":\"00\"}', 1, 1578417978),
(77, 1, '17-2020', 'Доработка системы для работы с государственными кодами товара', '{\"days\":\"01\",\"hours\":\"17\",\"minutes\":\"06\",\"seconds\":\"22\"}', 1, 1579761158),
(79, 12, 'Создание API канала', 'Создание API канала. В проекте на Yii2.', '{\"days\":\"00\",\"hours\":\"00\",\"minutes\":\"00\",\"seconds\":\"00\"}', 0, 1586943752),
(80, 12, 'Редиректы ссылок', 'Настройка редиректов ссылок.\nНастройка ЧПУ', '{\"days\":\"00\",\"hours\":\"11\",\"minutes\":\"49\",\"seconds\":\"28\"}', 0, 1587367833),
(81, 12, 'sitemap.xml', 'Создание карты сайта. Генерация sitemap.xml', '{\"days\":\"00\",\"hours\":\"05\",\"minutes\":\"05\",\"seconds\":\"38\"}', 0, 1590596975),
(82, 12, 'Внесение доработок на основной сайт', 'Внесение доработок на основной сайт', '{\"days\":\"00\",\"hours\":\"04\",\"minutes\":\"17\",\"seconds\":\"13\"}', 1, 1591267579),
(83, 12, 'Автоматическое добавление редиректов при создании новых товаров', 'Автоматическое добавление редиректов при создании новых товаров', '{\"days\":\"00\",\"hours\":\"01\",\"minutes\":\"15\",\"seconds\":\"18\"}', 0, 1591609051),
(84, 12, 'Забить ЧПУ во все ссылки сайта', 'Забить ЧПУ во все ссылки сайта. Пройтись по всем товарам и пересохранить их с ЧПУ, чтобы в таблице редиректов создались редиректы со старых ссылок.', '{\"days\":\"00\",\"hours\":\"01\",\"minutes\":\"03\",\"seconds\":\"21\"}', 0, 1591618084),
(85, 12, 'Ограничение прав для пользователей', 'Сделать ограничение прав для пользователей.', '{\"days\":\"00\",\"hours\":\"04\",\"minutes\":\"07\",\"seconds\":\"03\"}', 0, 1591702280),
(86, 12, 'Графическое превью для ссылок товаров', 'Настроить графическое превью для ссылок товаров.', '{\"days\":\"00\",\"hours\":\"03\",\"minutes\":\"37\",\"seconds\":\"30\"}', 0, 1591702318),
(87, 12, 'Модальное окно выбора города', 'При выборе города, в модальном окне, нужно чтобы страница не перезагружалась на страницу \"Оплата и доставка\", а просто менялся номер телефона и всё.\nПросто выбрали город и все, там меняется телефон в шапке и если заказ оформляем город из шапки подставляется.\nЕсли находишься в товаре, решил свой город поставить, и тебя перекидывает на страницу О доставке и потом опять надо искать товар в котором был. Не удобно это.', '{\"days\":\"00\",\"hours\":\"01\",\"minutes\":\"22\",\"seconds\":\"51\"}', 0, 1591702477),
(88, 4, 'Добавление изображений', 'Добавление изображений', '{\"days\":\"00\",\"hours\":\"01\",\"minutes\":\"20\",\"seconds\":\"39\"}', 1, 1591781019),
(89, 12, 'Фотографии миниатюры на списковых страницах', 'Сергей можете посмотреть, можно сделать чтобы фотографии миниатюры\nна списковых страницах, были маленькие, а не грузились большие картинки как на странице товара.', '{\"days\":\"00\",\"hours\":\"04\",\"minutes\":\"42\",\"seconds\":\"46\"}', 0, 1592231623),
(90, 12, 'Ссылки с описанием персональной доставки', 'Добавление ссылок городов, с описанием конкретных условий доставки.\nДобавление ссылок на страницу \"Оплата и доставка\"', '{\"days\":\"00\",\"hours\":\"01\",\"minutes\":\"02\",\"seconds\":\"42\"}', 0, 1592231885),
(91, 12, 'Alt тег у фото товара', 'Сергей можете посмотреть чтобы к фотографии товара\nподставлять алт тэг, формировать его из h1', '{\"days\":\"00\",\"hours\":\"00\",\"minutes\":\"43\",\"seconds\":\"09\"}', 1, 1592306601),
(92, 12, 'Микроразметка на странице товара', 'Добавление микроразметки, на страницу просмотра товара.\nДобавление микроразметки в хлебные крошки.', '{\"days\":\"00\",\"hours\":\"12\",\"minutes\":\"41\",\"seconds\":\"46\"}', 0, 1592311270),
(93, 12, 'Название фото товара как ссылка', 'Сергей добрый день. Еще можете посмотреть,\nчтобы название фото товара было как ссылка, а не 99_img_list.jpg', '{\"days\":\"00\",\"hours\":\"00\",\"minutes\":\"06\",\"seconds\":\"22\"}', 1, 1592311291),
(94, 13, 'Формировани цены со скидкой', 'В Личном кабинете в заказе у клиента при просмотре заказа https://mymix.kz/lk/orders?id=54 цена верно стоит, а итог берется цена без скидки. Надо разобраться, чтобы итоговая цена отображалась со скидкой', '{\"days\":\"00\",\"hours\":\"00\",\"minutes\":\"00\",\"seconds\":\"00\"}', 1, 1592319122),
(95, 14, 'Построение бизнеса в Jeunesse', 'Строим свой бизнес в Jeunesse', '{\"days\":\"00\",\"hours\":\"01\",\"minutes\":\"06\",\"seconds\":\"42\"}', 1, 1592319881),
(96, 12, 'Акции: превью и инфо в соцсетях. ЧПУ акций', 'https://kingfisher.kz/actions/\nКогда делимся в соц сетях, эта страница не подтягивает свои значения тайтл и дискрипшен, и как нам сделать чтобы туда бралась другая картинка.\n\nИ ЧПУ на страницах самой акции', '{\"days\":\"00\",\"hours\":\"01\",\"minutes\":\"34\",\"seconds\":\"28\"}', 0, 1592906780),
(97, 12, 'Ошибка сохранения акции из-за изображения', 'В админке, при сохранении изменений акции, происходит проверка поля: Изображение\nи даже если изображение загружено, поле почему то пустое.\nНужно истранить эту ошибку.\nНужно сделать, чтобы поле \"Изображение\" заполнялось, если\nесть загруженное изображение.', '{\"days\":\"00\",\"hours\":\"03\",\"minutes\":\"23\",\"seconds\":\"36\"}', 0, 1593000674),
(98, 12, 'Улучшение качества миниатюр в списковых страницах', 'Улучшение качества миниатюр в списковых страницах', '{\"days\":\"00\",\"hours\":\"04\",\"minutes\":\"59\",\"seconds\":\"00\"}', 0, 1593425158),
(99, 12, 'Устранение неисправностей с закрытием заказа', 'Устранение неисправностей с закрытием заказа на рабочем сайте', '{\"days\":\"00\",\"hours\":\"01\",\"minutes\":\"37\",\"seconds\":\"05\"}', 0, 1593523311),
(100, 12, 'Заказы - информация - поле \"телефон\" маска', 'В форме заказ. Вкладка \"Информация\" поле \"Телефон\" - необходимо добавить маску телефона.', '{\"days\":\"00\",\"hours\":\"00\",\"minutes\":\"18\",\"seconds\":\"58\"}', 0, 1593536220),
(101, 12, 'Если фото одно, то миниатюру не показывать', 'На странице просмотра товара, под главным фото есть слайдер фотографий других ракурсов товара.\nЕсли количество фото товара 1, то слайдер показывать не нужно.', '{\"days\":\"00\",\"hours\":\"00\",\"minutes\":\"20\",\"seconds\":\"14\"}', 0, 1593696210),
(102, 12, 'Админка-редактирование рецепта-чекбокс-на главную', 'В админке, в редактировании рецепта, нужно добавить чекбокс, который будет включать/выключать добавление рецепта в слайдер на главной.', '{\"days\":\"00\",\"hours\":\"00\",\"minutes\":\"22\",\"seconds\":\"19\"}', 0, 1593698077),
(103, 12, 'Адаптивные изображения(для разных дисплеев)', 'Подгрузка подходящих изображений для определенных разрешений экранов из атрибута srcset. Для изображений товаров.', '{\"days\":\"00\",\"hours\":\"06\",\"minutes\":\"59\",\"seconds\":\"03\"}', 0, 1594029680),
(104, 4, 'Добавление новых разделов', 'Добавление новых разделов услуг', '{\"days\":\"00\",\"hours\":\"02\",\"minutes\":\"10\",\"seconds\":\"52\"}', 1, 1594198646),
(105, 4, 'Добавление описания для фото галереи', 'Добавление описания для фото галереи.\nДоработка функционала добавления/редактирования описания фотографий примеров работ.\nВывод персонального описания под каждым фото.', '{\"days\":\"00\",\"hours\":\"15\",\"minutes\":\"26\",\"seconds\":\"53\"}', 1, 1594198722),
(106, 4, 'Перенос сайта на Yii2', 'Перенос сайта на Yii2', '{\"days\":\"00\",\"hours\":\"00\",\"minutes\":\"07\",\"seconds\":\"04\"}', 1, 1594209214),
(107, 1, 'Микроразметка single-product', 'Микроразметка страницы просмотра товара, списков товаров, остальных частей сайта.', '{\"days\":\"00\",\"hours\":\"00\",\"minutes\":\"23\",\"seconds\":\"51\"}', 1, 1594748140),
(108, 1, 'Установка и настройка ЧПУ', 'Установка и настройка ЧПУ.\nПодключение shadow-&gt;urlRules.\nНастройка редиректов.', '{\"days\":\"00\",\"hours\":\"06\",\"minutes\":\"47\",\"seconds\":\"59\"}', 1, 1594750165),
(109, 1, 'Подключение адинки kingfisher', 'Подключение адинки kingfisher', '{\"days\":\"00\",\"hours\":\"08\",\"minutes\":\"54\",\"seconds\":\"52\"}', 1, 1594750184),
(110, 12, 'Микроразметка на странице просмотр рецепта', 'Добавление микроразметки в формате JSON-LD, на странице просмотра рецепта.\nУдаление старых скриптов микрораметки рецептов.', '{\"days\":\"00\",\"hours\":\"04\",\"minutes\":\"48\",\"seconds\":\"44\"}', 0, 1595237766),
(111, 12, 'Атрибут srcset для изображения рецептов', 'На странице просмотра рецепта, нужно доработать варианты изображений для атрибута srcset.\nЧтобы потом использовать этот массив изображений в микроразметке.', '{\"days\":\"00\",\"hours\":\"02\",\"minutes\":\"15\",\"seconds\":\"30\"}', 0, 1595240741),
(112, 12, 'Добавление рецептов в модуль SEO', 'Страница админки:\nSEO--метатеги, добавление новой вкладки \"Рецепты\".\nЧтобы для рецептов была возможность настройки персональных meta полей:\nkeywords, description, title.', '{\"days\":\"00\",\"hours\":\"00\",\"minutes\":\"14\",\"seconds\":\"44\"}', 0, 1595406605),
(113, 12, 'Доработка поля \"Время приготовления\"', 'Страница админки - редактирование рецепта.\nДоработка поля \"Время приготовления\", чтобы в отдельные поля можно было вводить числа часов и минут и краткое описание приготовления.', '{\"days\":\"00\",\"hours\":\"08\",\"minutes\":\"00\",\"seconds\":\"11\"}', 1, 1595409090),
(114, 15, 'Проблема входа в админку', 'Устранение неисправности входа в админку', '{\"days\":\"00\",\"hours\":\"00\",\"minutes\":\"09\",\"seconds\":\"00\"}', 1, 1595852553),
(115, 12, 'Проблема с обновлением изображения на списковой странице', 'При смене изображения в настройках товара в админке,\nво frontend\'e, на списковой странице, новое изображение не отображается,\nа остается старое. Надо устранить проблему, чтобы при смене изображения\nчерез адмику, во frontend\'e на списковой странице, новое изображение сразу же отображалось.', '{\"days\":\"00\",\"hours\":\"05\",\"minutes\":\"14\",\"seconds\":\"54\"}', 1, 1595924424),
(116, 4, 'Перенос домена на Beget', 'Перенос домена тдстроймастер.рф с reg.ru на beget.com/ru', '{\"days\":\"00\",\"hours\":\"00\",\"minutes\":\"28\",\"seconds\":\"06\"}', 1, 1596036011),
(117, 12, 'Неисправность выгрузки клиентов', 'Устранение неисправности выгрузки клиентов.', '{\"days\":\"00\",\"hours\":\"00\",\"minutes\":\"00\",\"seconds\":\"00\"}', 1, 1596042804),
(118, 12, 'Доработать функционал \"Экспорт\" клиентов', 'Текущий функционал экспорта не справляется с объемом данных.\nПосле нажатия на кнопку \"экспорт\", на стрнаице админки \"клиенты\"\nстраница зависает и вываливается ошибка БД - нехватка памяти для обработки запроса.\nНеобходимо доработать функционал экспорта клиентов.', '{\"days\":\"00\",\"hours\":\"00\",\"minutes\":\"00\",\"seconds\":\"00\"}', 1, 1596092592),
(119, 12, 'Микроразметка на mymix', 'Микроразметка на mymix\'e. Списковая, Товар, статьи.', '{\"days\":\"00\",\"hours\":\"08\",\"minutes\":\"45\",\"seconds\":\"13\"}', 1, 1597049098);

-- --------------------------------------------------------

--
-- Структура таблицы `task_view`
--

CREATE TABLE `task_view` (
  `id` int(11) NOT NULL,
  `project_id` int(11) DEFAULT NULL COMMENT 'ID проекта',
  `name` text COMMENT 'Наименование типа задачи'
) ENGINE=InnoDB DEFAULT CHARSET=utf8 COMMENT='Вид задачи.\r\nТого или иного проекта и задачи';

--
-- Дамп данных таблицы `task_view`
--

INSERT INTO `task_view` (`id`, `project_id`, `name`) VALUES
(1, 1, 'Верстка'),
(2, 1, 'Backend'),
(3, 1, 'Frontend'),
(4, 5, 'Верстка'),
(5, 5, 'Frontend'),
(6, 6, 'Верстка'),
(7, 6, 'Frontend'),
(8, 6, 'Backend'),
(9, 7, 'Верстка'),
(10, 7, 'Frontend'),
(11, 7, 'Backend'),
(12, 3, 'Верстка'),
(13, 3, 'Frontend'),
(14, 3, 'Backend'),
(15, 8, 'Верстка'),
(16, 8, 'Frontend'),
(17, 8, 'Backend'),
(18, 9, 'Верстка'),
(19, 9, 'Frontend'),
(20, 9, 'Backend'),
(30, 4, 'Верстка'),
(31, 4, 'Frontend'),
(32, 4, 'Backend'),
(33, 10, 'Верстка'),
(34, 10, 'Frontend'),
(35, 10, 'Backend'),
(39, 12, 'Верстка'),
(40, 12, 'Frontend'),
(41, 12, 'Backend'),
(42, 13, 'Верстка'),
(43, 13, 'Frontend'),
(44, 13, 'Backend'),
(45, 14, 'Построение бизнеса'),
(46, 15, 'Верстка'),
(47, 15, 'Frontend'),
(48, 15, 'Backend');

-- --------------------------------------------------------

--
-- Структура таблицы `user`
--

CREATE TABLE `user` (
  `id` int(11) NOT NULL,
  `username` varchar(255) COLLATE utf8_unicode_ci NOT NULL,
  `auth_key` varchar(32) COLLATE utf8_unicode_ci NOT NULL,
  `password_hash` varchar(255) COLLATE utf8_unicode_ci NOT NULL,
  `password_reset_token` varchar(255) COLLATE utf8_unicode_ci DEFAULT NULL,
  `email` varchar(255) COLLATE utf8_unicode_ci NOT NULL,
  `status` smallint(6) NOT NULL DEFAULT '10',
  `created_at` int(11) NOT NULL,
  `updated_at` int(11) NOT NULL
) ENGINE=InnoDB DEFAULT CHARSET=utf8 COLLATE=utf8_unicode_ci;

--
-- Дамп данных таблицы `user`
--

INSERT INTO `user` (`id`, `username`, `auth_key`, `password_hash`, `password_reset_token`, `email`, `status`, `created_at`, `updated_at`) VALUES
(1, 'admin', 'IUn46aR0NFRc0oXdOkmuHhNOwaQd3xW0', '$2y$13$DYdbHPBnZb4DDmiIdV9u7u3GQtCmDNZRC/g3z4cyRu8z4tLABvT/C', NULL, 'test@test.ru', 10, 1545134861, 1545134861),
(2, 'sadmin', 'evcoJKRSJHpa_Lprojv-gSULa-gioXYu', '$2y$13$DYdbHPBnZb4DDmiIdV9u7u3GQtCmDNZRC/g3z4cyRu8z4tLABvT/C', NULL, 'test2@test.ru', 10, 1545642323, 1545642323),
(3, 'sadmin2', 'Mb-NB173x07VCYm5zeTholbV3tdD1R5t', '$2y$13$08n7ZTWNbKFEeUv7Z57x2uFY9LRDtVjLwKJKueGQbn0JLrM/Xxjt.', NULL, 'test3@test.ru', 10, 1552478024, 1552478024);

-- --------------------------------------------------------

--
-- Структура таблицы `wallets`
--

CREATE TABLE `wallets` (
  `id` int(11) NOT NULL,
  `code` varchar(50) DEFAULT NULL COMMENT 'Код кошелька (имя на латинице)',
  `name` varchar(100) DEFAULT NULL COMMENT 'Наименование кошелька',
  `balance` float(11,2) DEFAULT '0.00' COMMENT 'Баланс кошелька',
  `visible` int(1) DEFAULT '0' COMMENT 'Отображение элемента на сайте. 0-не отображается, 1-отображается'
) ENGINE=InnoDB DEFAULT CHARSET=utf8 COMMENT='Кошельки';

--
-- Дамп данных таблицы `wallets`
--

INSERT INTO `wallets` (`id`, `code`, `name`, `balance`, `visible`) VALUES
(1, 'cash', 'Наличные', 11.00, 1),
(2, 'sberbank', 'Сбербанк', 1771.39, 1),
(3, 'qiwi', 'Qiwi кошелек', 4.52, 1),
(4, 'yandex', 'Yandex деньги', 8.99, 1),
(5, 'webmoney_wmr', 'Web Money WMR', 50.48, 0),
(6, 'webmoney_card', 'WebMoney Карта', 15.13, 1);

-- --------------------------------------------------------

--
-- Структура таблицы `working_hours`
--

CREATE TABLE `working_hours` (
  `id` int(11) NOT NULL,
  `project_id` int(11) DEFAULT '0' COMMENT 'ID проекта таблицы projects',
  `task_id` int(11) DEFAULT '0' COMMENT 'ID задачи таблицы tasks',
  `task_view_id` int(1) DEFAULT NULL COMMENT 'ID вида задачи',
  `working_hours` int(10) DEFAULT '0' COMMENT 'Время работы в секундах\r\nОтрезок времени от нажатия на кнопку старт\r\n- до нажатия на стоп',
  `payment` int(1) DEFAULT '0' COMMENT '0-не оплачен/1-оплачен',
  `created_at` int(10) DEFAULT '0' COMMENT 'Дата создания записи в секундах\r\nИменно по этому времени будет фильтроваться\r\nвремя. Это поле является основой филтра.'
) ENGINE=InnoDB DEFAULT CHARSET=utf8;

--
-- Дамп данных таблицы `working_hours`
--

INSERT INTO `working_hours` (`id`, `project_id`, `task_id`, `task_view_id`, `working_hours`, `payment`, `created_at`) VALUES
(1, 1, 1, 1, 14, 0, 1549353214),
(2, 1, 1, 1, 13042, 0, 1549366318),
(3, 1, 1, 2, 11200, 0, 1549442496),
(4, 1, 1, 2, 13260, 0, 1549458415),
(7, 1, 1, 2, 7349, 0, 1549511536),
(8, 1, 1, 2, 927, 0, 1549512663),
(9, 1, 1, 2, 1, 0, 1549512920),
(10, 1, 1, 2, 11, 0, 1549512994),
(11, 1, 1, 2, 2, 0, 1549513030),
(12, 1, 1, 2, 1, 0, 1549513160),
(13, 1, 1, 2, 4609, 0, 1549517898),
(14, 1, 1, 2, 9741, 0, 1549532665),
(15, 1, 1, 2, 903, 0, 1549618685),
(16, 1, 1, 2, 4680, 0, 1549623489),
(17, 1, 1, 2, 3878, 0, 1549628190),
(18, 1, 1, 2, 613, 0, 1549694359),
(19, 1, 1, 2, 203, 0, 1549894490),
(20, 1, 1, 2, 14920, 0, 1549968069),
(21, 1, 1, 2, 4386, 0, 1550045433),
(22, 1, 1, 2, 5091, 0, 1550069255),
(23, 1, 1, 2, 7384, 0, 1550138178),
(24, 1, 1, 2, 10505, 0, 1550225620),
(25, 1, 1, 2, 13674, 0, 1550241079),
(26, 1, 1, 2, 2458, 0, 1550305592),
(27, 1, 1, 2, 5971, 0, 1550317760),
(28, 1, 1, 2, 10142, 0, 1550400003),
(29, 1, 1, 2, 5528, 0, 1550409365),
(30, 1, 1, 2, 5301, 0, 1550474641),
(31, 1, 1, 2, 8444, 0, 1550484740),
(32, 1, 1, 2, 5218, 0, 1550494838),
(33, 1, 1, 2, 5891, 0, 1550572374),
(34, 1, 1, 2, 3808, 0, 1550577603),
(35, 1, 1, 2, 2892, 0, 1550584235),
(36, 1, 1, 2, 692, 0, 1550643698),
(37, 1, 1, 2, 3467, 0, 1550653725),
(38, 1, 1, 2, 1787, 0, 1550736389),
(39, 1, 1, 2, 7147, 0, 1550834041),
(40, 1, 1, 2, 1112, 0, 1550835339),
(41, 1, 1, 2, 3675, 0, 1551347830),
(42, 1, 1, 2, 1824, 0, 1551357923),
(43, 1, 1, 2, 10, 0, 1551363227),
(44, 1, 1, 2, 5, 0, 1551363620),
(45, 5, 2, 3, 23, 0, 1552285026),
(46, 5, 2, 3, 11450, 0, 1552305376),
(47, 1, 3, 2, 5, 0, 1552370285),
(48, 1, 3, 2, 6279, 0, 1552378629),
(49, 1, 3, 2, 5527, 0, 1552387939),
(50, 1, 4, 1, 8693, 0, 1552565005),
(51, 1, 4, 1, 410, 0, 1552628486),
(52, 1, 4, 2, 1192, 0, 1552629803),
(53, 1, 4, 2, 16, 0, 1552631856),
(54, 1, 4, 1, 143, 0, 1552632025),
(55, 1, 4, 1, 533, 0, 1552633148),
(56, 1, 4, 2, 3985, 0, 1552638200),
(57, 1, 5, 2, 4955, 0, 1552894966),
(58, 1, 5, 1, 1259, 0, 1552896381),
(59, 1, 5, 1, 14, 0, 1552977414),
(60, 1, 5, 2, 2835, 0, 1552980781),
(61, 1, 5, 2, 4383, 0, 1552986398),
(62, 1, 5, 1, 675, 0, 1552987075),
(63, 1, 5, 3, 1242, 0, 1552988320),
(64, 1, 5, 2, 1063, 0, 1552989597),
(65, 1, 5, 2, 437, 0, 1552990265),
(66, 1, 5, 2, 925, 0, 1552991559),
(67, 6, 6, 8, 3484, 0, 1553004879),
(68, 1, 7, 3, 11549, 0, 1553084469),
(69, 1, 7, 3, 124, 0, 1553156774),
(70, 1, 7, 2, 10577, 0, 1553170719),
(71, 1, 7, 2, 7595, 0, 1553193644),
(72, 1, 7, 2, 313, 0, 1553221974),
(73, 1, 7, 2, 719, 0, 1553222714),
(74, 1, 7, 1, 516, 0, 1553223332),
(75, 1, 7, 3, 653, 0, 1553223988),
(76, 1, 7, 2, 12952, 0, 1553240422),
(77, 1, 8, 1, 1096, 0, 1553496801),
(78, 1, 8, 1, 1521, 0, 1553499995),
(79, 1, 8, 3, 677, 0, 1553500835),
(80, 1, 8, 2, 2312, 0, 1553503763),
(81, 1, 8, 2, 6150, 0, 1553514146),
(82, 1, 8, 2, 8055, 0, 1553528159),
(83, 1, 8, 2, 4532, 0, 1553593219),
(84, 1, 8, 2, 4146, 0, 1553602164),
(85, 1, 8, 2, 6674, 0, 1553614935),
(86, 1, 9, 1, 4294, 0, 1553620831),
(87, 1, 9, 1, 2623, 0, 1553757473),
(88, 1, 9, 2, 6988, 0, 1553770290),
(89, 1, 9, 2, 4004, 0, 1553781748),
(90, 1, 9, 2, 771, 0, 1553783044),
(91, 1, 9, 2, 20, 0, 1553783069),
(92, 1, 9, 2, 10328, 0, 1554133507),
(93, 1, 9, 2, 476, 0, 1554196254),
(94, 1, 9, 2, 9689, 0, 1554212917),
(95, 1, 9, 2, 7059, 0, 1554223130),
(96, 1, 9, 2, 7684, 0, 1554280273),
(97, 1, 9, 1, 699, 0, 1554281219),
(98, 6, 6, 7, 5061, 0, 1554287536),
(99, 1, 9, 2, 692, 0, 1554363775),
(100, 1, 9, 3, 10711, 0, 1554381536),
(101, 1, 9, 3, 2772, 0, 1554387254),
(102, 1, 9, 3, 1720, 0, 1554389257),
(103, 1, 10, 2, 105, 0, 1554709173),
(104, 1, 10, 2, 3829, 0, 1554799068),
(105, 1, 10, 1, 2607, 0, 1554802436),
(106, 1, 10, 2, 5465, 0, 1554808513),
(107, 1, 10, 2, 3226, 0, 1554826318),
(108, 1, 10, 2, 2239, 0, 1554875926),
(109, 1, 10, 3, 1962, 0, 1554878350),
(110, 1, 10, 2, 3669, 0, 1554883125),
(111, 1, 10, 3, 5650, 0, 1554890074),
(112, 1, 10, 3, 4535, 0, 1554910157),
(113, 1, 10, 2, 520, 0, 1554910773),
(114, 1, 10, 2, 6938, 0, 1554961974),
(115, 1, 7, 2, 45, 0, 1554962587),
(116, 1, 7, 2, 4995, 0, 1554971222),
(117, 1, 10, 1, 5244, 0, 1554977639),
(118, 1, 10, 2, 2502, 0, 1555058525),
(119, 1, 10, 3, 11133, 0, 1555346065),
(120, 1, 10, 3, 2209, 0, 1555396779),
(121, 1, 10, 3, 8390, 0, 1555409437),
(122, 1, 10, 3, 1217, 0, 1555425805),
(123, 1, 10, 3, 5481, 0, 1555496623),
(124, 1, 10, 3, 8938, 0, 1555511182),
(125, 1, 10, 3, 14651, 0, 1555590594),
(126, 1, 10, 2, 1046, 0, 1555654510),
(127, 1, 10, 3, 3175, 0, 1555658547),
(128, 1, 10, 2, 1627, 0, 1555660613),
(129, 1, 10, 3, 6525, 0, 1556177300),
(130, 1, 10, 3, 385, 0, 1556178113),
(131, 1, 11, 3, 2230, 0, 1556781222),
(132, 1, 12, 2, 717, 0, 1556782073),
(133, 1, 12, 2, 4468, 0, 1556792052),
(134, 1, 13, 1, 3422, 0, 1556868840),
(135, 1, 13, 3, 1016, 0, 1556870081),
(136, 1, 13, 1, 1152, 0, 1557125245),
(137, 1, 13, 2, 1231, 0, 1557127718),
(138, 1, 11, 2, 8, 0, 1557127737),
(139, 1, 11, 3, 4858, 0, 1557132970),
(140, 1, 13, 2, 1664, 0, 1557138879),
(141, 1, 13, 2, 8649, 0, 1557150775),
(142, 1, 13, 2, 6437, 0, 1557225547),
(143, 1, 13, 2, 1368, 0, 1557230803),
(144, 1, 13, 2, 25, 0, 1557233221),
(145, 1, 11, 2, 2279, 0, 1557238796),
(146, 1, 11, 2, 2946, 0, 1557732401),
(147, 1, 11, 2, 9610, 0, 1557746123),
(148, 1, 11, 2, 2053, 0, 1557750960),
(149, 1, 11, 2, 2403, 0, 1557755603),
(150, 1, 11, 2, 4240, 0, 1557830457),
(151, 1, 11, 2, 3872, 0, 1557907994),
(152, 1, 11, 3, 957, 0, 1558344318),
(153, 1, 11, 3, 1206, 0, 1558349981),
(154, 1, 11, 3, 2379, 0, 1558356104),
(155, 1, 11, 3, 523, 0, 1558356870),
(156, 1, 21, 2, 521, 0, 1558420166),
(157, 1, 21, 2, 3768, 0, 1558432267),
(158, 1, 22, 2, 251, 0, 1558437131),
(159, 1, 22, 2, 3499, 0, 1558445100),
(160, 7, 23, 9, 3544, 0, 1558449903),
(161, 1, 11, 2, 1, 0, 1558449950),
(162, 1, 11, 2, 32, 0, 1558449988),
(163, 7, 23, 9, 1123, 0, 1558451993),
(164, 1, 11, 2, 3713, 0, 1558454562),
(165, 3, 24, 13, 3013, 0, 1558514200),
(166, 3, 25, 14, 454, 0, 1558515464),
(167, 3, 25, 14, 4, 0, 1558515628),
(168, 3, 25, 13, 314, 0, 1558516025),
(169, 7, 26, 11, 703, 0, 1558520427),
(170, 7, 27, 10, 4289, 0, 1558526119),
(171, 1, 28, 2, 4943, 0, 1558537881),
(172, 1, 28, 2, 947, 0, 1558539288),
(173, 1, 29, 2, 1948, 0, 1558621905),
(174, 1, 29, 2, 7341, 0, 1558681033),
(175, 1, 20, 3, 925, 0, 1558683889),
(176, 1, 30, 2, 2959, 0, 1559540762),
(177, 1, 31, 2, 1882, 0, 1559543005),
(178, 1, 31, 2, 3231, 0, 1559551850),
(179, 1, 31, 2, 433, 0, 1559554875),
(180, 1, 31, 2, 2585, 0, 1559572209),
(181, 1, 32, 1, 1989, 0, 1559653219),
(182, 1, 32, 2, 342, 0, 1559653563),
(183, 1, 32, 1, 12203, 0, 1560420324),
(184, 6, 6, 7, 1938, 0, 1560691708),
(185, 6, 6, 7, 3321, 0, 1560698904),
(186, 1, 32, 3, 1984, 0, 1560749509),
(187, 1, 32, 3, 5254, 0, 1560755984),
(188, 1, 32, 3, 5009, 0, 1560763733),
(189, 1, 32, 2, 5245, 0, 1560824345),
(190, 1, 32, 2, 4123, 0, 1560830596),
(191, 1, 32, 2, 2990, 0, 1560838551),
(192, 1, 32, 2, 2304, 0, 1560914668),
(193, 1, 32, 2, 5823, 0, 1560928770),
(194, 1, 32, 2, 1410, 0, 1560936135),
(195, 6, 6, 7, 2318, 0, 1561083288),
(196, 1, 32, 2, 2863, 0, 1561353125),
(197, 1, 32, 2, 3839, 0, 1561362353),
(198, 1, 32, 2, 4425, 0, 1561367960),
(199, 6, 6, 7, 3778, 0, 1561438282),
(200, 6, 6, 7, 1808, 0, 1561457416),
(201, 1, 32, 2, 3044, 0, 1561466292),
(202, 1, 32, 3, 1840, 0, 1561559737),
(203, 6, 6, 7, 1349, 0, 1561692642),
(204, 1, 32, 3, 2872, 0, 1561696510),
(205, 1, 32, 2, 4238, 0, 1561964312),
(206, 1, 32, 2, 3016, 0, 1561976160),
(207, 1, 32, 2, 3876, 0, 1561983594),
(208, 1, 32, 2, 5477, 0, 1562062782),
(209, 1, 32, 2, 731, 0, 1562066929),
(210, 1, 32, 2, 608, 0, 1562068115),
(211, 1, 32, 2, 4474, 0, 1562132396),
(212, 1, 32, 2, 2848, 0, 1562137113),
(213, 1, 32, 2, 2736, 0, 1562144824),
(214, 1, 32, 2, 3025, 0, 1562148211),
(215, 6, 6, 6, 1483, 0, 1562149936),
(216, 6, 6, 6, 657, 0, 1562154263),
(217, 6, 6, 7, 3541, 0, 1562595429),
(218, 1, 22, 2, 1825, 0, 1562645664),
(219, 1, 32, 2, 7011, 0, 1562658123),
(220, 1, 32, 2, 1943, 0, 1562757355),
(221, 6, 6, 8, 3736, 0, 1562761390),
(222, 6, 6, 8, 3634, 0, 1562767013),
(223, 1, 32, 2, 3363, 0, 1562853875),
(224, 1, 32, 2, 242, 0, 1562855583),
(225, 6, 6, 7, 2904, 0, 1562859010),
(226, 1, 32, 2, 2499, 0, 1563196691),
(227, 6, 6, 8, 3646, 0, 1563200506),
(228, 6, 6, 7, 3395, 0, 1563376448),
(229, 6, 6, 7, 12830, 0, 1563442466),
(230, 1, 32, 2, 1790, 0, 1563875523),
(231, 6, 6, 7, 8286, 0, 1564318723),
(232, 6, 6, 7, 7511, 0, 1564383039),
(233, 6, 6, 7, 3282, 0, 1564389197),
(234, 6, 6, 7, 4132, 0, 1564408832),
(235, 1, 32, 2, 1606, 0, 1564569281),
(236, 1, 32, 2, 11155, 0, 1564652846),
(237, 1, 32, 2, 1425, 0, 1564662206),
(238, 6, 6, 7, 5927, 0, 1565626679),
(239, 1, 11, 2, 923, 0, 1565670250),
(240, 1, 11, 1, 2658, 0, 1565677473),
(241, 1, 11, 1, 5, 0, 1565677760),
(242, 1, 11, 3, 7333, 0, 1565690668),
(243, 6, 6, 7, 8192, 0, 1565778945),
(244, 6, 6, 7, 4624, 0, 1565789795),
(245, 8, 33, 17, 7211, 0, 1566536507),
(246, 8, 33, 17, 2280, 0, 1566543066),
(247, 9, 34, 20, 6773, 0, 1566813886),
(248, 9, 34, 20, 2, 0, 1566815456),
(249, 9, 34, 20, 9549, 0, 1566834357),
(250, 9, 34, 19, 10112, 0, 1566884151),
(251, 9, 34, 19, 8127, 0, 1566893397),
(252, 9, 34, 19, 7962, 0, 1566901399),
(253, 6, 6, 7, 4984, 0, 1566990698),
(254, 8, 33, 17, 3251, 0, 1566995981),
(255, 9, 34, 19, 1147, 0, 1566997159),
(256, 8, 33, 17, 3795, 0, 1567008553),
(257, 8, 33, 17, 8497, 0, 1567063150),
(258, 8, 35, 17, 47, 0, 1567063302),
(259, 8, 33, 17, 685, 0, 1567064011),
(260, 8, 33, 17, 3275, 0, 1567072973),
(261, 8, 33, 17, 5596, 0, 1567148518),
(262, 6, 6, 7, 7311, 0, 1567414937),
(263, 6, 6, 7, 565, 0, 1567416062),
(264, 8, 35, 17, 5, 0, 1567416669),
(265, 8, 33, 17, 1699, 0, 1567418580),
(266, 8, 33, 17, 1347, 0, 1567427482),
(267, 8, 35, 17, 1220, 0, 1567428809),
(268, 6, 6, 7, 3121, 0, 1567479269),
(269, 6, 6, 7, 593, 0, 1567486337),
(270, 6, 6, 7, 1969, 0, 1567507207),
(271, 6, 6, 7, 1891, 0, 1567510289),
(272, 6, 6, 7, 8360, 0, 1567520949),
(273, 6, 6, 7, 709, 0, 1567525013),
(274, 6, 6, 7, 8, 0, 1567655764),
(275, 6, 6, 8, 7652, 0, 1567664041),
(276, 1, 11, 2, 1062, 0, 1567667282),
(277, 6, 6, 7, 3591, 0, 1567757522),
(278, 8, 33, 17, 3144, 0, 1568017368),
(279, 8, 35, 17, 358, 0, 1568017959),
(280, 8, 33, 17, 5814, 0, 1568024159),
(281, 1, 36, 1, 4948, 0, 1568052112),
(282, 1, 36, 2, 11805, 0, 1568104095),
(283, 6, 6, 7, 9756, 0, 1568119202),
(284, 6, 6, 8, 6063, 0, 1568178793),
(285, 6, 6, 8, 13538, 0, 1568202781),
(286, 1, 36, 2, 64, 0, 1568204942),
(287, 1, 36, 2, 1521, 0, 1568206465),
(288, 1, 32, 2, 1467, 0, 1568208277),
(289, 1, 37, 2, 638, 0, 1568209243),
(290, 6, 6, 7, 5190, 0, 1568264061),
(291, 6, 6, 7, 9403, 0, 1568284494),
(292, 1, 37, 2, 2517, 0, 1568294322),
(293, 1, 37, 2, 1781, 0, 1568297680),
(294, 1, 37, 2, 6006, 0, 1568350886),
(295, 1, 38, 2, 3792, 0, 1568608822),
(296, 1, 11, 3, 2745, 0, 1568611642),
(297, 1, 11, 3, 5404, 0, 1568630171),
(298, 6, 6, 7, 5163, 0, 1568641068),
(299, 6, 6, 8, 12561, 0, 1568723789),
(300, 1, 11, 3, 7209, 0, 1568870514),
(301, 1, 11, 3, 1058, 0, 1568872308),
(302, 1, 11, 3, 8, 0, 1568874480),
(303, 1, 39, 3, 3574, 0, 1568878232),
(304, 6, 6, 7, 5716, 0, 1568891283),
(305, 6, 6, 6, 305, 0, 1569227961),
(306, 6, 6, 8, 5460, 0, 1569234437),
(307, 1, 32, 2, 2789, 0, 1569240887),
(308, 1, 40, 3, 865, 0, 1569295450),
(309, 1, 40, 2, 1626, 0, 1569297156),
(310, 1, 40, 1, 2562, 0, 1569299939),
(311, 1, 40, 1, 3804, 0, 1569320375),
(312, 1, 40, 1, 5122, 0, 1569328502),
(313, 6, 41, 7, 4427, 0, 1569387071),
(314, 6, 41, 7, 5098, 0, 1569402170),
(315, 1, 40, 3, 3519, 0, 1569410316),
(316, 1, 40, 3, 4587, 0, 1569415597),
(317, 10, 42, 22, 3552, 0, 1569477049),
(318, 10, 43, 22, 1124, 0, 1569478820),
(319, 10, 42, 23, 508, 0, 1569497217),
(320, 1, 40, 3, 3142, 0, 1569501804),
(321, 1, 40, 3, 5924, 0, 1569560690),
(322, 1, 40, 3, 3610, 0, 1569564380),
(323, 1, 40, 2, 695, 0, 1569828096),
(324, 1, 40, 3, 6411, 0, 1569834743),
(325, 1, 40, 2, 5897, 0, 1569906803),
(326, 1, 40, 2, 8013, 0, 1569920346),
(327, 10, 42, NULL, 921, 0, 1569921655),
(328, 1, 39, 2, 5067, 0, 1569939699),
(329, 6, 41, 7, 7490, 0, 1569949164),
(330, 1, 40, 3, 226, 0, 1570431076),
(331, 1, 40, 2, 10856, 0, 1570445412),
(332, 1, 40, 2, 3644, 0, 1570449537),
(333, 6, 44, 8, 4435, 0, 1570514672),
(334, 6, 44, 8, 1245, 0, 1570516171),
(335, 6, 44, 8, 8262, 0, 1570537827),
(336, 1, 40, 2, 2107, 0, 1570540198),
(337, 1, 40, 2, 10765, 0, 1570558016),
(338, 1, 40, 2, 8383, 0, 1570632017),
(339, 1, 40, 2, 6307, 0, 1570684602),
(340, 1, 40, 2, 4878, 0, 1570692795),
(341, 1, 40, 2, 1733, 0, 1570695431),
(342, 6, 44, 8, 7317, 0, 1570703936),
(343, 1, 40, 3, 3775, 0, 1571033360),
(344, 6, 44, 8, 7053, 0, 1571049048),
(345, 6, 44, 8, 731, 0, 1571050451),
(346, 6, 44, 8, 312, 0, 1571051982),
(347, 6, 44, 8, 6317, 0, 1571066311),
(348, 6, 44, 8, 7841, 0, 1571119428),
(349, 6, 44, 8, 13128, 0, 1571135382),
(350, 6, 44, 8, 1136, 0, 1571146800),
(351, 6, 44, 8, 5709, 0, 1571217001),
(352, 6, 44, 8, 8243, 0, 1571234213),
(353, 6, 6, 8, 5789, 0, 1571291614),
(354, 6, 6, 8, 9653, 0, 1571308628),
(355, 6, 44, 8, 7919, 0, 1571380001),
(356, 6, 6, 8, 83, 0, 1571382402),
(357, 6, 6, 8, 891, 0, 1571383312),
(358, 1, 40, 3, 9735, 0, 1571644809),
(359, 1, 40, 3, 2863, 0, 1571671614),
(360, 1, 40, 2, 553, 0, 1571719658),
(361, 1, 40, 2, 5192, 0, 1571725767),
(362, 1, 40, 2, 1329, 0, 1571729712),
(363, 6, 6, 8, 5429, 0, 1571815459),
(364, 1, 45, 2, 6012, 0, 1571827315),
(365, 1, 45, 2, 13181, 0, 1571911856),
(366, 6, 6, 8, 1089, 0, 1571976593),
(367, 6, 44, 8, 5075, 0, 1571983028),
(368, 1, 11, 3, 5091, 0, 1572269265),
(370, 4, 42, 32, 6105, 0, 1571662919),
(371, 4, 68, 32, 5413, 0, 1572519104),
(372, 4, 68, 32, 11305, 0, 1572535400),
(373, 4, 43, 31, 3551, 0, 1572857963),
(374, 4, 43, 31, 5868, 0, 1572864444),
(375, 1, 11, 2, 815, 0, 1572880629),
(376, 1, 11, 2, 15200, 0, 1572950676),
(377, 4, 43, 32, 3582, 0, 1572964854),
(378, 4, 43, 32, 7438, 0, 1573020321),
(379, 1, 11, 2, 11028, 0, 1573037855),
(380, 1, 11, 2, 3044, 0, 1573123801),
(381, 1, 11, 2, 12766, 0, 1573140628),
(382, 1, 40, 2, 3689, 0, 1573471702),
(383, 6, 44, 8, 2196, 0, 1573474464),
(384, 1, 69, 2, 590, 0, 1573540494),
(385, 1, 11, 2, 540, 0, 1573541039),
(386, 1, 69, NULL, 2, 0, 1573541052),
(387, 1, 69, 2, 45, 0, 1573541102),
(388, 1, 11, 2, 3339, 0, 1573546128),
(389, 1, 11, 2, 9542, 0, 1573563513),
(390, 1, 45, 2, 1849, 0, 1574072811),
(391, 1, 45, 2, 5727, 0, 1574082393),
(392, 1, 45, 2, 4785, 0, 1574159446),
(393, 1, 45, 2, 4263, 0, 1574167960),
(394, 3, 24, 14, 2847, 0, 1574179219),
(395, 1, 45, 2, 6020, 0, 1574232855),
(396, 1, 45, 2, 7257, 0, 1574244204),
(397, 1, 45, 2, 2400, 0, 1574664648),
(398, 1, 45, 2, 2194, 0, 1574673080),
(399, 1, 45, 2, 8218, 0, 1574688119),
(400, 1, 45, 2, 1039, 0, 1574745809),
(401, 1, 45, 2, 7269, 0, 1574770804),
(402, 1, 45, 2, 904, 0, 1574775126),
(403, 6, 70, 8, 13950, 0, 1574852491),
(404, 1, 11, 2, 5176, 0, 1574941561),
(405, 6, 70, 8, 4383, 0, 1574949350),
(406, 6, 70, 8, 12439, 0, 1574963013),
(407, 1, 45, 2, 1368, 0, 1575282365),
(408, 6, 44, 8, 6541, 0, 1575292064),
(409, 6, 6, 7, 4514, 0, 1575366910),
(410, 6, 6, 7, 468, 0, 1575377801),
(411, 1, 71, 1, 2215, 0, 1575433997),
(412, 1, 71, 2, 1401, 0, 1575435938),
(413, 1, 71, 3, 3568, 0, 1575467524),
(414, 1, 71, 3, 2371, 0, 1575471800),
(415, 1, 71, 3, 2765, 0, 1575522177),
(416, 1, 71, 3, 4268, 0, 1575529592),
(417, 1, 71, 3, 4229, 0, 1575535416),
(418, 1, 72, 2, 5279, 0, 1575894413),
(419, 1, 71, 3, 388, 0, 1575958254),
(420, 1, 71, 3, 2179, 0, 1575983584),
(421, 1, 71, 3, 4447, 0, 1576056810),
(422, 6, 6, 8, 1354, 0, 1576058965),
(423, 6, 6, 8, 8131, 0, 1576147036),
(424, 6, 6, 8, 1895, 0, 1576167166),
(425, 1, 71, 3, 1803, 0, 1576640546),
(426, 1, 71, 2, 3792, 0, 1576645434),
(427, 1, 71, 2, 2520, 0, 1576650804),
(428, 1, 71, 2, 3930, 0, 1576661984),
(429, 1, 71, 2, 8306, 0, 1576751312),
(430, 1, 71, 2, 6970, 0, 1576765407),
(431, 1, 71, 3, 11286, 0, 1577087864),
(432, 1, 73, 2, 1761, 0, 1577179818),
(433, 1, 73, 2, 3161, 0, 1577253992),
(434, 1, 73, 2, 3234, 0, 1577260422),
(435, 1, 39, 2, 1053, 0, 1577686469),
(436, 1, 73, 2, 2161, 0, 1577710727),
(437, 1, 73, 2, 7952, 0, 1577787914),
(438, 1, 73, 2, 581, 0, 1577794733),
(439, 1, 69, 2, 6600, 0, 1577960530),
(440, 6, 74, 8, 2154, 0, 1577966541),
(441, 6, 74, 8, 16126, 0, 1577989949),
(442, 1, 73, 2, 1344, 0, 1578301584),
(443, 1, 73, 2, 11076, 0, 1578330186),
(444, 1, 73, 2, 7401, 0, 1578385684),
(445, 1, 73, 2, 6309, 0, 1578406965),
(446, 1, 73, 3, 1782, 0, 1578467098),
(447, 6, 70, 8, 3328, 0, 1578471625),
(448, 6, 6, 7, 6423, 0, 1578897845),
(449, 6, 6, 7, 366, 0, 1578902484),
(450, 6, 6, 8, 5787, 0, 1578911077),
(451, 1, 77, 2, 3187, 0, 1579753684),
(452, 1, 77, 1, 999, 0, 1579754787),
(453, 1, 77, 1, 3194, 0, 1579766119),
(454, 1, 77, 2, 3197, 0, 1579769702),
(455, 1, 77, 2, 1313, 0, 1579848917),
(456, 1, 77, 2, 3839, 0, 1579856647),
(457, 1, 77, 2, 5615, 0, 1579942131),
(458, 6, 6, 7, 11304, 0, 1581676009),
(459, 6, 6, 6, 13, 0, 1581962588),
(460, 6, 6, 6, 2, 0, 1581962593),
(461, 6, 6, 6, 2, 0, 1581962602),
(462, 6, 6, 8, 17975, 0, 1581962624),
(463, 1, 73, 2, 2766, 0, 1582531522),
(464, 6, 74, 8, 3, 0, 1583049218),
(465, 6, 74, 8, 1202, 0, 1583050489),
(466, 1, 73, 2, 6925, 0, 1583059097),
(467, 1, 73, 2, 1811, 0, 1583061795),
(468, 11, 78, 37, 780, 0, 1583325314),
(469, 1, 77, 2, 5729, 0, 1583846592),
(470, 1, 77, 2, 5740, 0, 1583855483),
(471, 1, 77, 2, 10317, 0, 1583943365),
(472, 1, 77, 2, 3833, 0, 1584008546),
(473, 1, 77, 2, 3774, 0, 1584013673),
(474, 1, 77, 2, 5261, 0, 1584095570),
(475, 1, 77, 2, 3993, 0, 1584101624),
(476, 1, 77, 2, 5238, 0, 1584520220),
(477, 1, 77, 2, 2388, 0, 1584526984),
(478, 1, 77, 2, 3550, 0, 1584532525),
(479, 1, 77, 2, 7887, 0, 1584697781),
(480, 1, 77, 2, 3776, 0, 1584705264),
(481, 1, 77, 3, 7548, 0, 1584974402),
(482, 1, 77, 2, 5301, 0, 1585229042),
(483, 1, 77, 2, 1212, 0, 1585232051),
(484, 1, 77, 2, 9881, 0, 1585382965),
(485, 1, 77, 2, 5936, 0, 1585393124),
(486, 1, 77, 2, 4150, 0, 1586009453),
(487, 1, 77, 2, 7463, 0, 1586017251),
(488, 1, 77, 3, 7041, 0, 1586064208),
(489, 1, 77, 2, 2067, 0, 1586073078),
(490, 1, 39, 2, 2077, 0, 1587356688),
(491, 12, 80, 40, 2845, 0, 1587360735),
(492, 12, 80, 40, 7643, 0, 1587376198),
(493, 12, 80, 40, 1108, 0, 1587382771),
(494, 12, 80, 41, 1303, 0, 1587472981),
(495, 12, 80, 41, 3089, 0, 1587988754),
(496, 6, 74, 8, 9071, 0, 1589451962),
(497, 12, 80, 41, 2487, 0, 1589797253),
(498, 12, 80, 41, 1871, 0, 1589806050),
(499, 12, 80, 41, 2085, 0, 1589810785),
(500, 12, 80, 41, 3184, 0, 1589891110),
(501, 6, 6, 8, 6308, 0, 1589965254),
(502, 6, 6, 8, 4732, 0, 1589972060),
(503, 6, 6, 8, 2239, 0, 1589976429),
(504, 12, 80, 41, 8566, 0, 1590142096),
(505, 12, 80, 41, 2212, 0, 1590149031),
(506, 12, 80, 41, 6175, 0, 1590224588),
(507, 1, 77, 2, 2261, 0, 1590229552),
(508, 12, 81, 41, 1930, 0, 1590588445),
(509, 12, 81, 41, 7934, 0, 1590674932),
(510, 12, 81, 41, 8074, 0, 1590766068),
(511, 1, 77, 2, 4240, 0, 1591174384),
(512, 1, 77, 3, 6020, 0, 1591181293),
(513, 1, 77, 3, 2032, 0, 1591194176),
(514, 12, 82, 41, 6605, 0, 1591266582),
(515, 12, 82, 41, 3435, 0, 1591273789),
(516, 12, 82, 41, 4014, 0, 1591287835),
(517, 12, 82, 41, 1379, 0, 1591289611),
(518, 12, 81, 41, 400, 0, 1591598022),
(519, 4, 68, 31, 9, 0, 1591605448),
(520, 12, 83, 41, 4518, 0, 1591605824),
(521, 12, 84, 41, 1795, 0, 1591612546),
(522, 12, 84, 41, 1584, 0, 1591614672),
(523, 12, 84, 41, 422, 0, 1591615853),
(524, 12, 87, 41, 4971, 0, 1591697463),
(525, 12, 86, 41, 3890, 0, 1591706730),
(526, 12, 86, 41, 123, 0, 1591707123),
(527, 4, 88, 32, 951, 0, 1591771326),
(528, 12, 86, 41, 3141, 0, 1591775063),
(529, 12, 86, 41, 5896, 0, 1591782472),
(530, 12, 85, 41, 5761, 0, 1591870706),
(531, 12, 85, 40, 3991, 0, 1592207545),
(532, 12, 85, 40, 4143, 0, 1592212281),
(533, 12, 85, 40, 928, 0, 1592217167),
(534, 12, 90, 40, 3762, 0, 1592226876),
(535, 12, 91, 41, 2589, 0, 1592300263),
(536, 12, 93, 41, 382, 0, 1592300930),
(537, 12, 92, 41, 332, 0, 1592301756),
(538, 14, 95, 45, 4002, 0, 1592316075),
(539, 12, 89, 41, 464, 0, 1592466059),
(540, 12, 89, 41, 1867, 0, 1592895635),
(541, 12, 96, 41, 3256, 0, 1592900111),
(542, 12, 89, 41, 2222, 0, 1592904150),
(543, 12, 89, 41, 2650, 0, 1592911082),
(544, 4, 88, 32, 1436, 0, 1592923011),
(545, 12, 96, 41, 2412, 0, 1592988826),
(546, 12, 97, 41, 3000, 0, 1592994697),
(547, 12, 97, 41, 3001, 0, 1593000497),
(548, 12, 97, 41, 3138, 0, 1593005014),
(549, 12, 97, 41, 3077, 0, 1593009283),
(550, 12, 89, 41, 3280, 0, 1593069984),
(551, 12, 89, 41, 3301, 0, 1593075227),
(552, 12, 89, 41, 3182, 0, 1593080337),
(553, 12, 98, 41, 2892, 0, 1593418172),
(554, 12, 98, 41, 3934, 0, 1593423949),
(555, 12, 98, 41, 3048, 0, 1593432148),
(556, 12, 98, 41, 3660, 0, 1593506136),
(557, 12, 98, 41, 3009, 0, 1593510892),
(558, 12, 99, 41, 658, 0, 1593513602),
(559, 12, 99, 41, 5167, 0, 1593523230),
(560, 12, 98, 41, 1397, 0, 1593524948),
(561, 12, 100, 40, 1138, 0, 1593583144),
(562, 12, 101, 41, 1214, 0, 1593687008),
(563, 12, 102, 41, 1339, 0, 1593689897),
(564, 12, 92, 41, 174, 0, 1594018528),
(565, 12, 103, 41, 1810, 0, 1594021084),
(566, 12, 103, 41, 3377, 0, 1594025926),
(567, 12, 103, 41, 3044, 0, 1594031229),
(568, 12, 103, 41, 2592, 0, 1594102438),
(569, 12, 103, 41, 3747, 0, 1594110584),
(570, 12, 103, 41, 3150, 0, 1594118524),
(571, 12, 103, 41, 1331, 0, 1594120645),
(572, 4, 88, 32, 624, 0, 1594135900),
(573, 12, 103, 41, 6092, 0, 1594182092),
(574, 4, 104, 32, 5276, 0, 1594193786),
(575, 4, 104, 32, 2576, 0, 1594197472),
(576, 4, 106, 32, 424, 0, 1594198892),
(577, 4, 105, 32, 6269, 0, 1594205528),
(578, 4, 105, 32, 13953, 0, 1594227891),
(579, 4, 105, 32, 16133, 0, 1594284842),
(580, 4, 105, 32, 7738, 0, 1594294267),
(581, 4, 105, 32, 5152, 0, 1594300368),
(582, 4, 105, 32, 4003, 0, 1594305363),
(583, 4, 105, 32, 2365, 0, 1594314031),
(584, 12, 92, 41, 171, 0, 1594629133),
(585, 12, 92, 41, 2160, 0, 1594700222),
(586, 12, 92, 41, 3369, 0, 1594705572),
(587, 12, 92, 41, 3182, 0, 1594712126),
(588, 12, 92, 41, 3154, 0, 1594716430),
(589, 12, 92, 41, 3944, 0, 1594721417),
(590, 12, 92, 41, 1579, 0, 1594724766),
(591, 1, 107, 2, 1431, 0, 1594739059),
(592, 1, 109, 2, 2551, 0, 1594742085),
(593, 12, 92, 41, 1955, 0, 1594787286),
(594, 12, 92, 41, 4399, 0, 1594793813),
(595, 12, 92, 41, 5786, 0, 1594801514),
(596, 1, 109, 2, 3344, 0, 1594808394),
(597, 1, 109, 2, 4301, 0, 1594817286),
(598, 12, 92, 39, 4039, 0, 1594874937),
(599, 12, 92, 39, 3231, 0, 1594879078),
(600, 12, 92, 39, 5776, 0, 1594885738),
(601, 12, 92, 39, 1883, 0, 1594888359),
(602, 12, 92, 41, 572, 0, 1594915690),
(603, 12, 110, 41, 1450, 0, 1595229468),
(604, 12, 111, 41, 3121, 0, 1595234543),
(605, 12, 111, 41, 2128, 0, 1595237801),
(606, 12, 111, 41, 2479, 0, 1595241594),
(607, 12, 111, 41, 402, 0, 1595242579),
(608, 1, 109, 2, 9709, 0, 1595267786),
(609, 12, 110, 41, 2065, 0, 1595319816),
(610, 12, 110, 41, 3703, 0, 1595325738),
(611, 12, 110, 41, 7890, 0, 1595338938),
(612, 12, 110, 41, 754, 0, 1595342634),
(613, 12, 112, 41, 581, 0, 1595396983),
(614, 12, 112, 41, 303, 0, 1595397401),
(615, 12, 113, 41, 3724, 0, 1595403200),
(616, 12, 113, 41, 4210, 0, 1595411141),
(617, 12, 113, 41, 5003, 0, 1595421019),
(618, 12, 113, 41, 5711, 0, 1595432162),
(619, 12, 113, 41, 3002, 0, 1595488013),
(620, 12, 113, 41, 3208, 0, 1595491965),
(621, 12, 113, 41, 3953, 0, 1595497534),
(622, 12, 110, 41, 641, 0, 1595840074),
(623, 12, 110, 41, 821, 0, 1595841536),
(624, 15, 114, 48, 540, 0, 1595842358),
(625, 12, 115, 41, 3780, 0, 1595919477),
(626, 12, 115, 41, 3296, 0, 1595923707),
(627, 12, 115, 41, 3828, 0, 1595929390),
(628, 12, 115, 41, 1390, 0, 1595931404),
(629, 12, 115, 41, 6600, 0, 1595958284),
(630, 1, 109, 2, 3440, 0, 1596025059),
(631, 4, 116, 32, 1686, 0, 1596027317),
(632, 4, 88, 32, 1828, 0, 1596029593),
(633, 1, 109, 2, 4482, 0, 1596088138),
(634, 1, 109, 2, 4265, 0, 1596095667),
(635, 1, 108, 2, 4780, 0, 1596174107),
(636, 1, 108, 2, 6632, 0, 1596181743),
(637, 1, 108, 2, 2800, 0, 1596430966),
(638, 12, 119, 41, 2512, 0, 1597050468),
(639, 12, 119, 41, 2438, 0, 1597054525),
(640, 12, 119, 41, 468, 0, 1597055488),
(641, 12, 119, 41, 2300, 0, 1597117897),
(642, 12, 119, 41, 3056, 0, 1597122050),
(643, 12, 119, 41, 3781, 0, 1597126632),
(644, 12, 119, 41, 2053, 0, 1597131299),
(645, 1, 108, 2, 3922, 0, 1597136264),
(646, 1, 108, 2, 1103, 0, 1597137967),
(647, 12, 119, 41, 8734, 0, 1597219429),
(648, 1, 108, 2, 1528, 0, 1597221618),
(649, 1, 108, 2, 3714, 0, 1597309387),
(650, 12, 119, NULL, 3523, 0, 1597314322),
(651, 12, 119, 41, 2648, 0, 1597321756);

--
-- Индексы сохранённых таблиц
--

--
-- Индексы таблицы `balance_begin_month`
--
ALTER TABLE `balance_begin_month`
  ADD PRIMARY KEY (`id`);

--
-- Индексы таблицы `finance_movement`
--
ALTER TABLE `finance_movement`
  ADD PRIMARY KEY (`id`);

--
-- Индексы таблицы `migration`
--
ALTER TABLE `migration`
  ADD PRIMARY KEY (`version`);

--
-- Индексы таблицы `projects`
--
ALTER TABLE `projects`
  ADD PRIMARY KEY (`id`);

--
-- Индексы таблицы `tags`
--
ALTER TABLE `tags`
  ADD PRIMARY KEY (`id`);

--
-- Индексы таблицы `tasks`
--
ALTER TABLE `tasks`
  ADD PRIMARY KEY (`id`);

--
-- Индексы таблицы `task_view`
--
ALTER TABLE `task_view`
  ADD PRIMARY KEY (`id`);

--
-- Индексы таблицы `user`
--
ALTER TABLE `user`
  ADD PRIMARY KEY (`id`),
  ADD UNIQUE KEY `username` (`username`),
  ADD UNIQUE KEY `email` (`email`),
  ADD UNIQUE KEY `password_reset_token` (`password_reset_token`);

--
-- Индексы таблицы `wallets`
--
ALTER TABLE `wallets`
  ADD PRIMARY KEY (`id`);

--
-- Индексы таблицы `working_hours`
--
ALTER TABLE `working_hours`
  ADD PRIMARY KEY (`id`);

--
-- AUTO_INCREMENT для сохранённых таблиц
--

--
-- AUTO_INCREMENT для таблицы `balance_begin_month`
--
ALTER TABLE `balance_begin_month`
  MODIFY `id` int(11) NOT NULL AUTO_INCREMENT, AUTO_INCREMENT=21;
--
-- AUTO_INCREMENT для таблицы `finance_movement`
--
ALTER TABLE `finance_movement`
  MODIFY `id` int(11) UNSIGNED NOT NULL AUTO_INCREMENT, AUTO_INCREMENT=541;
--
-- AUTO_INCREMENT для таблицы `projects`
--
ALTER TABLE `projects`
  MODIFY `id` int(11) NOT NULL AUTO_INCREMENT, AUTO_INCREMENT=16;
--
-- AUTO_INCREMENT для таблицы `tags`
--
ALTER TABLE `tags`
  MODIFY `id` int(11) NOT NULL AUTO_INCREMENT, AUTO_INCREMENT=26;
--
-- AUTO_INCREMENT для таблицы `tasks`
--
ALTER TABLE `tasks`
  MODIFY `id` int(11) NOT NULL AUTO_INCREMENT, AUTO_INCREMENT=120;
--
-- AUTO_INCREMENT для таблицы `task_view`
--
ALTER TABLE `task_view`
  MODIFY `id` int(11) NOT NULL AUTO_INCREMENT, AUTO_INCREMENT=49;
--
-- AUTO_INCREMENT для таблицы `user`
--
ALTER TABLE `user`
  MODIFY `id` int(11) NOT NULL AUTO_INCREMENT, AUTO_INCREMENT=4;
--
-- AUTO_INCREMENT для таблицы `wallets`
--
ALTER TABLE `wallets`
  MODIFY `id` int(11) NOT NULL AUTO_INCREMENT, AUTO_INCREMENT=7;
--
-- AUTO_INCREMENT для таблицы `working_hours`
--
ALTER TABLE `working_hours`
  MODIFY `id` int(11) NOT NULL AUTO_INCREMENT, AUTO_INCREMENT=652;
/*!40101 SET CHARACTER_SET_CLIENT=@OLD_CHARACTER_SET_CLIENT */;
/*!40101 SET CHARACTER_SET_RESULTS=@OLD_CHARACTER_SET_RESULTS */;
/*!40101 SET COLLATION_CONNECTION=@OLD_COLLATION_CONNECTION */;
